map,start,config,arm,lidar_m,t_sel_s,profile,n_goals,goals_reached,goals_timed_out,goals_no_path,swings_raw,swings_real,n_churn,round_trips_real,round_trips_raw,goal_jump_total_m,swing_threshold_m,path_m,coverage_pct,area_m2,ceiling_m2,sim_s,sel_windows,sel_driving_windows,sel_moved_m,sel_time_s,sel_arrived,sel_blocked,sel_drift_median_m,d_robot_to_goal_median_m,d_robot_dec_median_m,decide_ms_mean,wall_capped,end_reason,_src
hk_elevator,centre,scoring,stock,4.0,0.0,go2ctrl,11,11,0,0,2,2,0,0,0,87.20154814390277,15.136483244135674,118.2008280852706,98.39969150679649,204.14000000000001,207.46,375.4107410567031,0,0,0.0,0.0,0,0,0.0,3.8612880302738284,3.8612880302738284,17473.382763089667,False,harness: 6 decisions in a row with < 0.1 m of motion and < 0.05 m2 of map,fidA_4m_scoring_t0_hk_elevator.json
hk_elevator,mid1,scoring,stock,4.0,0.0,go2ctrl,11,11,0,0,0,0,0,0,0,48.63924475750181,15.136483244135674,78.00003354219695,97.21512580738455,201.6825,207.46,275.1708376521881,0,0,0.0,0.0,0,0,0.0,3.910560586742915,3.910560586742915,17672.584458726553,False,harness: 6 decisions in a row with < 0.1 m of motion and < 0.05 m2 of map,fidA_4m_scoring_t0_hk_elevator.json
hk_elevator,mid2,scoring,stock,4.0,0.0,go2ctrl,12,11,0,1,1,1,0,0,0,70.88583093433466,15.136483244135674,97.45594994872532,98.38884604261064,204.11750000000004,207.46,344.3490498555359,0,0,0.0,0.0,0,0,0.0,4.116530039609335,4.116530039609335,17727.111220085742,False,harness: 6 decisions in a row with < 0.1 m of motion and < 0.05 m2 of map,fidA_4m_scoring_t0_hk_elevator.json
hk_elevator,mid3,scoring,stock,4.0,0.0,go2ctrl,12,11,0,1,2,2,0,1,1,73.5489938007664,15.136483244135674,96.09089010613815,97.13318230020245,201.51250000000002,207.46,329.1709787376195,0,0,0.0,0.0,0,0,0.0,3.95095017084269,3.95095017084269,17970.34424325102,False,harness: 6 decisions in a row with < 0.1 m of motion and < 0.05 m2 of map,fidA_4m_scoring_t0_hk_elevator.json
hk_elevator,mid4,scoring,stock,4.0,0.0,go2ctrl,13,11,0,2,0,0,0,0,0,58.3927061872722,15.136483244135674,81.65759011112719,97.61399787910923,202.51000000000002,207.46,289.09375677211705,0,0,0.0,0.0,0,0,0.0,3.831329999804237,3.831329999804237,17597.81776692454,False,harness: 6 decisions in a row with < 0.1 m of motion and < 0.05 m2 of map,fidA_4m_scoring_t0_hk_elevator.json
hk_elevator,mid5,scoring,stock,4.0,0.0,go2ctrl,11,11,0,0,0,0,0,0,0,50.80236319350485,15.136483244135674,79.33011663021134,97.53205437192713,202.34000000000003,207.46,279.1747180930999,0,0,0.0,0.0,0,0,0.0,3.886776564371211,3.886776564371211,17499.970328818148,False,harness: 6 decisions in a row with < 0.1 m of motion and < 0.05 m2 of map,fidA_4m_scoring_t0_hk_elevator.json
hk_entrance,centre,scoring,stock,4.0,0.0,go2ctrl,1,0,0,1,0,0,0,0,0,0,21.437029878227065,0.8373369259495924,3.7143316269139826,16.180000000000003,435.61000000000007,23.2346802614637,0,0,0.0,0.0,0,0,0.0,3.7441214411997024,3.7441214411997024,15808.68221099081,False,harness: 6 decisions in a row with < 0.1 m of motion and < 0.05 m2 of map,fidA_4m_scoring_t0_hk_entrance.json
hk_entrance,mid1,scoring,stock,4.0,0.0,go2ctrl,21,18,0,3,1,1,0,0,0,146.9720103839122,21.437029878227065,281.15175606661467,92.16328826243658,401.4725000000001,435.61000000000007,888.8686976475861,0,0,0.0,0.0,0,0,0.0,3.941811744095742,3.941811744095742,12651.410828666052,False,harness: 6 decisions in a row with < 0.1 m of motion and < 0.05 m2 of map,fidA_4m_scoring_t0_hk_entrance.json
hk_entrance,mid2,scoring,stock,4.0,0.0,go2ctrl,13,12,0,1,0,0,0,0,0,44.00767350977488,21.437029878227065,116.18048708315237,90.17240191914784,392.8,435.61000000000007,375.7231172341153,0,0,0.0,0.0,0,0,0.0,3.723076539482564,3.723076539482564,13961.29539076915,False,harness: 6 decisions in a row with < 0.1 m of motion and < 0.05 m2 of map,fidA_4m_scoring_t0_hk_entrance.json
hk_entrance,mid3,scoring,stock,4.0,0.0,go2ctrl,18,16,0,2,1,1,0,0,0,131.44609502981993,21.437029878227065,198.1672013626581,91.98250728862973,400.68500000000006,435.61000000000007,615.8742164546443,0,0,0.0,0.0,0,0,0.0,4.239823355756236,4.239823355756236,13112.983393833727,False,harness: 6 decisions in a row with < 0.1 m of motion and < 0.05 m2 of map,fidA_4m_scoring_t0_hk_entrance.json
hk_entrance,mid4,scoring,stock,4.0,0.0,go2ctrl,17,16,0,1,0,0,0,0,0,85.0771544754676,21.437029878227065,193.7045330616367,92.19313147081102,401.6025,435.61000000000007,634.1623112842842,0,0,0.0,0.0,0,0,0.0,4.198613178593238,4.198613178593238,13758.676381647307,False,harness: 6 decisions in a row with < 0.1 m of motion and < 0.05 m2 of map,fidA_4m_scoring_t0_hk_entrance.json
hk_entrance,mid5,scoring,stock,4.0,0.0,go2ctrl,20,18,0,2,1,1,0,0,0,116.87642077990319,21.437029878227065,129.21610235483666,83.60345262964579,364.18500000000006,435.61000000000007,434.680973614077,0,0,0.0,0.0,0,0,0.0,3.883102343454423,3.883102343454423,14924.48634914981,False,harness: 6 decisions in a row with < 0.1 m of motion and < 0.05 m2 of map,fidA_4m_scoring_t0_hk_entrance.json
hk_office,centre,scoring,stock,4.0,0.0,go2ctrl,4,3,0,1,0,0,0,0,0,14.887860458038801,15.447532165365445,189.3990910096242,89.36227869444778,148.395,166.06000000000003,671.4831216899267,0,0,0.0,0.0,0,0,0.0,3.727064147476235,3.727064147476235,17297.11995525213,False,harness: 6 decisions in a row with < 0.1 m of motion and < 0.05 m2 of map,fidA_4m_scoring_t0_hk_office.json
hk_office,mid1,scoring,stock,4.0,0.0,go2ctrl,7,6,0,1,0,0,0,0,0,35.78429740407836,15.447532165365445,93.07292201658754,87.84776586775864,145.88000000000002,166.06000000000003,385.01056333750057,0,0,0.0,0.0,0,0,0.0,3.91715725229548,3.91715725229548,17347.01815385571,False,harness: 6 decisions in a row with < 0.1 m of motion and < 0.05 m2 of map,fidA_4m_scoring_t0_hk_office.json
hk_office,mid2,scoring,stock,4.0,0.0,go2ctrl,11,8,0,3,0,0,0,0,0,43.2710243507923,15.447532165365445,83.13870385707351,87.77851379019631,145.76500000000001,166.06000000000003,305.9076860233898,0,0,0.0,0.0,0,0,0.0,3.7592935451455967,3.7592935451455967,16972.341318002276,False,harness: 6 decisions in a row with < 0.1 m of motion and < 0.05 m2 of map,fidA_4m_scoring_t0_hk_office.json
hk_office,mid3,scoring,stock,4.0,0.0,go2ctrl,2,1,0,1,0,0,0,0,0,3.949315552904224,15.447532165365445,7.151741759827121,9.443875707575575,15.682500000000003,166.06000000000003,42.671925331591126,0,0,0.0,0.0,0,0,0.0,3.2878411090657846,3.2878411090657846,17254.89085300069,False,harness: 6 decisions in a row with < 0.1 m of motion and < 0.05 m2 of map,fidA_4m_scoring_t0_hk_office.json
hk_office,mid4,scoring,stock,4.0,0.0,go2ctrl,7,6,0,1,0,0,0,0,0,29.183793231436628,15.447532165365445,127.21970153624443,89.38034445381187,148.425,166.06000000000003,491.9544449599259,0,0,0.0,0.0,0,0,0.0,4.088842839286871,4.088842839286871,15048.518751853928,False,harness: 6 decisions in a row with < 0.1 m of motion and < 0.05 m2 of map,fidA_4m_scoring_t0_hk_office.json
hk_office,mid5,scoring,stock,4.0,0.0,go2ctrl,5,4,0,1,0,0,0,0,0,21.322424988600922,15.447532165365445,112.71131294316237,88.10219197880282,146.3025,166.06000000000003,413.82072975254687,0,0,0.0,0.0,0,0,0.0,3.3099712476277876,3.3099712476277876,17368.020696402527,False,harness: 6 decisions in a row with < 0.1 m of motion and < 0.05 m2 of map,fidA_4m_scoring_t0_hk_office.json
hk_park,centre,scoring,stock,4.0,0.0,go2ctrl,12,11,0,1,1,1,0,0,0,76.1446211193195,21.819902039193487,193.23036931840664,76.76668203215577,274.7825,357.94500000000005,624.5317536230436,0,0,0.0,0.0,0,0,0.0,3.8865660604104777,3.8865660604104777,11182.363139835312,False,harness: 6 decisions in a row with < 0.1 m of motion and < 0.05 m2 of map,fidA_4m_scoring_t0_hk_park.json
hk_park,mid1,scoring,stock,4.0,0.0,go2ctrl,17,14,0,3,1,1,0,0,0,96.79189271653564,21.819902039193487,187.65326312337842,77.98474625990026,279.14250000000004,357.94500000000005,622.4063393537577,0,0,0.0,0.0,0,0,0.0,3.881158760172877,3.881158760172877,11240.16072017805,False,harness: 6 decisions in a row with < 0.1 m of motion and < 0.05 m2 of map,fidA_4m_scoring_t0_hk_park.json
hk_park,mid2,scoring,stock,4.0,0.0,go2ctrl,14,12,0,2,1,1,0,0,0,81.39251036207027,21.819902039193487,125.39794930610644,77.08307142158712,275.915,357.94500000000005,414.7622458211502,0,0,0.0,0.0,0,0,0.0,3.714562653143719,3.714562653143719,12540.978901071607,False,harness: 6 decisions in a row with < 0.1 m of motion and < 0.05 m2 of map,fidA_4m_scoring_t0_hk_park.json
hk_park,mid3,scoring,stock,4.0,0.0,go2ctrl,13,11,0,2,1,1,0,0,0,94.91281687256624,21.819902039193487,225.9552485782889,76.71080752629594,274.58250000000004,357.94500000000005,704.3407656565245,0,0,0.0,0.0,0,0,0.0,3.8746243857398888,3.8746243857398888,11772.224112383601,False,harness: 6 decisions in a row with < 0.1 m of motion and < 0.05 m2 of map,fidA_4m_scoring_t0_hk_park.json
hk_park,mid4,scoring,stock,4.0,0.0,go2ctrl,8,5,0,3,0,0,0,0,0,52.00127590059404,21.819902039193487,337.7419308492667,76.48242048359384,273.76500000000004,357.94500000000005,993.1397015646087,0,0,0.0,0.0,0,0,0.0,4.996280948288316,4.996280948288316,13023.370021752271,False,harness: 6 decisions in a row with < 0.1 m of motion and < 0.05 m2 of map,fidA_4m_scoring_t0_hk_park.json
hk_park,mid5,scoring,stock,4.0,0.0,go2ctrl,2,1,0,1,0,0,0,0,0,7.163624400428138,21.819902039193487,9.28557619166519,17.072455265473746,61.11000000000001,357.94500000000005,43.25390160181804,0,0,0.0,0.0,0,0,0.0,5.32804014666793,5.32804014666793,12627.294046498719,False,harness: 6 decisions in a row with < 0.1 m of motion and < 0.05 m2 of map,fidA_4m_scoring_t0_hk_park.json
hk_elevator,centre,scoring,stock,4.0,15.0,go2ctrl,11,11,0,0,2,2,0,0,0,87.20154814390277,15.136483244135674,118.2008280852706,98.39969150679649,204.14000000000001,207.46,630.4107410567048,17,0,0.0,255.0,0,0,0.0,3.8612880302738284,3.8612880302738284,19476.735610364067,False,harness: 6 decisions in a row with < 0.1 m of motion and < 0.05 m2 of map,fidA_4m_scoring_t15_hk_elevator.json
hk_elevator,centre,scoring,stock+M4.3,4.0,15.0,go2ctrl,11,11,0,0,0,0,0,0,0,46.06791680865979,15.136483244135674,71.28105598746902,97.92369613419456,203.15250000000003,207.46,515.1394822129903,17,0,0.0,255.00000000000006,0,0,0.0,3.820607463930587,3.820607463930587,16193.999702270958,False,harness: 6 decisions in a row with < 0.1 m of motion and < 0.05 m2 of map,fidB_4m_scoring_t15_m43_hk_elevator.json
hk_elevator,mid1,scoring,stock,4.0,15.0,go2ctrl,11,11,0,0,0,0,0,0,0,48.63924475750181,15.136483244135674,78.00003354219695,97.21512580738455,201.6825,207.46,530.1708376521885,17,0,0.0,255.0,0,0,0.0,3.910560586742915,3.910560586742915,17960.802541726895,False,harness: 6 decisions in a row with < 0.1 m of motion and < 0.05 m2 of map,fidA_4m_scoring_t15_hk_elevator.json
hk_elevator,mid1,scoring,stock+M4.3,4.0,15.0,go2ctrl,13,12,0,1,0,0,0,0,0,52.41755260849894,15.136483244135674,81.35823652896626,98.31292779330957,203.96000000000004,207.46,565.8179184987437,19,0,0.0,285.0,0,0,0.0,3.910560586742915,3.910560586742915,15868.314845925152,False,harness: 6 decisions in a row with < 0.1 m of motion and < 0.05 m2 of map,fidB_4m_scoring_t15_m43_hk_elevator.json
hk_elevator,mid2,scoring,stock,4.0,15.0,go2ctrl,12,11,0,1,1,1,0,0,0,70.88583093433466,15.136483244135674,97.45594994872532,98.38884604261064,204.11750000000004,207.46,614.3490498555386,18,0,0.0,270.0,0,0,0.0,4.116530039609335,4.116530039609335,19335.78089741665,False,harness: 6 decisions in a row with < 0.1 m of motion and < 0.05 m2 of map,fidA_4m_scoring_t15_hk_elevator.json
hk_elevator,mid2,scoring,stock+M4.3,4.0,15.0,go2ctrl,13,11,0,2,0,0,0,0,0,57.40801625063195,15.136483244135674,93.06855249811713,98.63829171888558,204.63500000000002,207.46,609.0397706837505,19,0,0.0,285.0,0,0,0.0,3.7863754594847157,3.7863754594847157,15761.870881156377,False,harness: 6 decisions in a row with < 0.1 m of motion and < 0.05 m2 of map,fidB_4m_scoring_t15_m43_hk_elevator.json
hk_elevator,mid3,scoring,stock,4.0,15.0,go2ctrl,12,11,0,1,2,2,0,1,1,73.5489938007664,15.136483244135674,96.09089010613815,97.13318230020245,201.51250000000002,207.46,599.1709787376192,18,0,0.0,270.0,0,0,0.0,3.95095017084269,3.95095017084269,18574.79502991555,False,harness: 6 decisions in a row with < 0.1 m of motion and < 0.05 m2 of map,fidA_4m_scoring_t15_hk_elevator.json
hk_elevator,mid3,scoring,stock+M4.3,4.0,15.0,go2ctrl,13,13,0,0,0,0,0,0,0,53.82564357902908,15.136483244135674,86.1839732878333,98.5780391400752,204.51000000000002,207.46,592.7017747065695,19,0,0.0,285.0,0,0,0.0,3.846939823272426,3.846939823272426,15875.514556460144,False,harness: 6 decisions in a row with < 0.1 m of motion and < 0.05 m2 of map,fidB_4m_scoring_t15_m43_hk_elevator.json
hk_elevator,mid4,scoring,stock,4.0,15.0,go2ctrl,13,11,0,2,0,0,0,0,0,58.3927061872722,15.136483244135674,81.65759011112719,97.61399787910923,202.51000000000002,207.46,574.0937567721182,19,0,0.0,284.99999999999994,0,0,0.0,3.831329999804237,3.831329999804237,17472.06404138482,False,harness: 6 decisions in a row with < 0.1 m of motion and < 0.05 m2 of map,fidA_4m_scoring_t15_hk_elevator.json
hk_elevator,mid4,scoring,stock+M4.3,4.0,15.0,go2ctrl,11,11,0,0,0,0,0,0,0,51.54444880474577,15.136483244135674,73.10506470142424,97.2392268389087,201.73250000000002,207.46,502.0014712023466,17,0,0.0,255.0,0,0,0.0,3.842713648790166,3.842713648790166,16041.547941999108,False,harness: 6 decisions in a row with < 0.1 m of motion and < 0.05 m2 of map,fidB_4m_scoring_t15_m43_hk_elevator.json
hk_elevator,mid5,scoring,stock,4.0,15.0,go2ctrl,11,11,0,0,0,0,0,0,0,50.80236319350485,15.136483244135674,79.33011663021134,97.53205437192713,202.34000000000003,207.46,534.1747180931009,17,0,0.0,255.0,0,0,0.0,3.886776564371211,3.886776564371211,17641.28540727225,False,harness: 6 decisions in a row with < 0.1 m of motion and < 0.05 m2 of map,fidA_4m_scoring_t15_hk_elevator.json
hk_elevator,mid5,scoring,stock+M4.3,4.0,15.0,go2ctrl,13,10,0,3,0,0,0,0,0,58.09986945636647,15.136483244135674,81.64435898064481,96.71502940325846,200.645,207.46,578.262557695708,19,0,0.0,284.99999999999994,0,0,0.0,3.941220560888071,3.941220560888071,15777.926248154612,False,harness: 6 decisions in a row with < 0.1 m of motion and < 0.05 m2 of map,fidB_4m_scoring_t15_m43_hk_elevator.json
hk_entrance,centre,scoring,stock,4.0,15.0,go2ctrl,1,0,0,1,0,0,0,0,0,0,21.437029878227065,0.8373369259495924,3.7143316269139826,16.180000000000003,435.61000000000007,128.2346802614637,7,0,0.0,105.0,0,0,0.0,3.7441214411997024,3.7441214411997024,26112.74694300664,False,harness: 6 decisions in a row with < 0.1 m of motion and < 0.05 m2 of map,fidA_4m_scoring_t15_hk_entrance.json
hk_entrance,centre,scoring,stock+M4.3,4.0,15.0,go2ctrl,1,0,0,1,0,0,0,0,0,0,21.437029878227065,0.8373369259495924,3.7143316269139826,16.180000000000003,435.61000000000007,128.2346802614637,7,0,0.0,105.0,0,0,0.0,3.7441214411997024,3.7441214411997024,13519.142812001519,False,harness: 6 decisions in a row with < 0.1 m of motion and < 0.05 m2 of map,fidB_4m_scoring_t15_m43_hk_entrance.json
hk_entrance,mid1,scoring,stock,4.0,15.0,go2ctrl,21,18,0,3,1,1,0,0,0,146.9720103839122,21.437029878227065,281.15175606661467,92.16328826243658,401.4725000000001,435.61000000000007,1293.8686976475826,27,0,0.0,405.0,0,0,0.0,3.941811744095742,3.941811744095742,12721.808672716308,False,harness: 6 decisions in a row with < 0.1 m of motion and < 0.05 m2 of map,fidA_4m_scoring_t15_hk_entrance.json
hk_entrance,mid1,scoring,stock+M4.3,4.0,15.0,go2ctrl,4,3,0,1,1,0,1,0,0,37.349910279923186,21.437029878227065,219.73289350598776,90.26709671495144,393.21250000000003,435.61000000000007,828.9097326963372,10,0,0.0,150.0,0,0,0.0,2.958942865018267,2.958942865018267,10338.072604499757,False,harness: 6 decisions in a row with < 0.1 m of motion and < 0.05 m2 of map,fidB_4m_scoring_t15_m43_hk_entrance.json
hk_entrance,mid2,scoring,stock,4.0,15.0,go2ctrl,13,12,0,1,0,0,0,0,0,44.00767350977488,21.437029878227065,116.18048708315237,90.17240191914784,392.8,435.61000000000007,660.7231172341171,19,0,0.0,285.0,0,0,0.0,3.723076539482564,3.723076539482564,15133.620170692806,False,harness: 6 decisions in a row with < 0.1 m of motion and < 0.05 m2 of map,fidA_4m_scoring_t15_hk_entrance.json
hk_entrance,mid2,scoring,stock+M4.3,4.0,15.0,go2ctrl,22,19,0,3,0,0,0,0,0,114.05120155351194,21.437029878227065,139.44664328554393,91.00571612221943,396.43000000000006,435.61000000000007,883.9496578566575,28,0,0.0,419.99999999999994,0,0,0.0,3.944773041119616,3.944773041119616,11392.202549091466,False,harness: 6 decisions in a row with < 0.1 m of motion and < 0.05 m2 of map,fidB_4m_scoring_t15_m43_hk_entrance.json
hk_entrance,mid3,scoring,stock,4.0,15.0,go2ctrl,18,16,0,2,1,1,0,0,0,131.44609502981993,21.437029878227065,198.1672013626581,91.98250728862973,400.68500000000006,435.61000000000007,975.8742164546396,24,0,0.0,360.0,0,0,0.0,4.239823355756236,4.239823355756236,12477.917531388004,False,harness: 6 decisions in a row with < 0.1 m of motion and < 0.05 m2 of map,fidA_4m_scoring_t15_hk_entrance.json
hk_entrance,mid3,scoring,stock+M4.3,4.0,15.0,go2ctrl,24,18,0,6,0,0,0,0,0,109.58323733841425,21.437029878227065,127.78385490761636,91.43959045935584,398.32000000000005,435.61000000000007,909.79524714539,30,0,0.0,450.0,0,0,0.0,3.9815093911800794,3.9815093911800794,10922.636101209113,False,harness: 6 decisions in a row with < 0.1 m of motion and < 0.05 m2 of map,fidB_4m_scoring_t15_m43_hk_entrance.json
hk_entrance,mid4,scoring,stock,4.0,15.0,go2ctrl,17,16,0,1,0,0,0,0,0,85.0771544754676,21.437029878227065,193.7045330616367,92.19313147081102,401.6025,435.61000000000007,979.1623112842811,23,0,0.0,345.0,0,0,0.0,4.198613178593238,4.198613178593238,13795.313686586964,False,harness: 6 decisions in a row with < 0.1 m of motion and < 0.05 m2 of map,fidA_4m_scoring_t15_hk_entrance.json
hk_entrance,mid4,scoring,stock+M4.3,4.0,15.0,go2ctrl,21,19,0,2,0,0,0,0,0,90.52639803560028,21.437029878227065,133.71280063074224,90.02835104795574,392.17250000000007,435.61000000000007,867.2265894543339,27,0,0.0,405.0,0,0,0.0,3.8461500821365155,3.8461500821365155,11705.650048952693,False,harness: 6 decisions in a row with < 0.1 m of motion and < 0.05 m2 of map,fidB_4m_scoring_t15_m43_hk_entrance.json
hk_entrance,mid5,scoring,stock,4.0,15.0,go2ctrl,20,18,0,2,1,1,0,0,0,116.87642077990319,21.437029878227065,129.21610235483666,83.60345262964579,364.18500000000006,435.61000000000007,824.6809736140733,26,0,0.0,390.0,0,0,0.0,3.883102343454423,3.883102343454423,14848.8828779482,False,harness: 6 decisions in a row with < 0.1 m of motion and < 0.05 m2 of map,fidA_4m_scoring_t15_hk_entrance.json
hk_entrance,mid5,scoring,stock+M4.3,4.0,15.0,go2ctrl,9,8,0,1,0,0,0,0,0,28.23482352999828,21.437029878227065,212.1809167718625,90.9689860196047,396.27000000000004,435.61000000000007,866.8647905400953,15,0,0.0,225.0,0,0,0.0,3.7896814063886173,3.7896814063886173,12582.39607511334,False,harness: 6 decisions in a row with < 0.1 m of motion and < 0.05 m2 of map,fidB_4m_scoring_t15_m43_hk_entrance.json
hk_office,centre,scoring,stock,4.0,15.0,go2ctrl,4,3,0,1,0,0,0,0,0,14.887860458038801,15.447532165365445,189.3990910096242,89.36227869444778,148.395,166.06000000000003,821.4831216899258,10,0,0.0,150.0,0,0,0.0,3.727064147476235,3.727064147476235,13396.837353750016,False,harness: 6 decisions in a row with < 0.1 m of motion and < 0.05 m2 of map,fidA_4m_scoring_t15_hk_office.json
hk_office,centre,scoring,stock+M4.3,4.0,15.0,go2ctrl,2,1,0,1,0,0,0,0,0,3.344036464904484,15.447532165365445,119.50240724261369,88.62609900036131,147.1725,166.06000000000003,516.2050251910273,8,0,0.0,120.0,0,0,0.0,3.5734772178459524,3.5734772178459524,15078.365909495915,False,harness: 6 decisions in a row with < 0.1 m of motion and < 0.05 m2 of map,fidB_4m_scoring_t15_m43_hk_office.json
hk_office,mid1,scoring,stock,4.0,15.0,go2ctrl,7,6,0,1,0,0,0,0,0,35.78429740407836,15.447532165365445,93.07292201658754,87.84776586775864,145.88000000000002,166.06000000000003,580.0105633375002,13,0,0.0,195.0,0,0,0.0,3.91715725229548,3.91715725229548,17438.109005574785,False,harness: 6 decisions in a row with < 0.1 m of motion and < 0.05 m2 of map,fidA_4m_scoring_t15_hk_office.json
hk_office,mid1,scoring,stock+M4.3,4.0,15.0,go2ctrl,10,7,0,3,0,0,0,0,0,42.05493268819554,15.447532165365445,479.0502564144595,89.1771046609659,148.0875,166.06000000000003,1760.9231735657381,16,0,0.0,240.0,0,0,0.0,3.8449181239359334,3.8449181239359334,12513.239244201395,False,harness: 6 decisions in a row with < 0.1 m of motion and < 0.05 m2 of map,fidB_4m_scoring_t15_m43_hk_office.json
hk_office,mid2,scoring,stock,4.0,15.0,go2ctrl,11,8,0,3,0,0,0,0,0,43.2710243507923,15.447532165365445,83.13870385707351,87.77851379019631,145.76500000000001,166.06000000000003,560.9076860233906,17,0,0.0,255.00000000000006,0,0,0.0,3.7592935451455967,3.7592935451455967,18032.51768927492,False,harness: 6 decisions in a row with < 0.1 m of motion and < 0.05 m2 of map,fidA_4m_scoring_t15_hk_office.json
hk_office,mid2,scoring,stock+M4.3,4.0,15.0,go2ctrl,14,11,0,3,1,1,0,0,0,82.48280719089007,15.447532165365445,122.02794833241789,88.35360712995302,146.72,166.06000000000003,739.2753506309915,20,0,0.0,300.0,0,0,0.0,3.7906124562794052,3.7906124562794052,14148.885407998543,False,harness: 6 decisions in a row with < 0.1 m of motion and < 0.05 m2 of map,fidB_4m_scoring_t15_m43_hk_office.json
hk_office,mid3,scoring,stock,4.0,15.0,go2ctrl,2,1,0,1,0,0,0,0,0,3.949315552904224,15.447532165365445,7.151741759827121,9.443875707575575,15.682500000000003,166.06000000000003,162.6719253315911,8,0,0.0,120.0,0,0,0.0,3.2878411090657846,3.2878411090657846,17760.215518501354,False,harness: 6 decisions in a row with < 0.1 m of motion and < 0.05 m2 of map,fidA_4m_scoring_t15_hk_office.json
hk_office,mid3,scoring,stock+M4.3,4.0,15.0,go2ctrl,2,1,0,1,0,0,0,0,0,3.949315552904224,15.447532165365445,7.151741759827121,9.443875707575575,15.682500000000003,166.06000000000003,162.6719253315911,8,0,0.0,120.0,0,0,0.0,3.2878411090657846,3.2878411090657846,15646.89036400523,False,harness: 6 decisions in a row with < 0.1 m of motion and < 0.05 m2 of map,fidB_4m_scoring_t15_m43_hk_office.json
hk_office,mid4,scoring,stock,4.0,15.0,go2ctrl,7,6,0,1,0,0,0,0,0,29.183793231436628,15.447532165365445,127.21970153624443,89.38034445381187,148.425,166.06000000000003,686.954444959924,13,0,0.0,195.0,0,0,0.0,4.088842839286871,4.088842839286871,20209.071764712073,False,harness: 6 decisions in a row with < 0.1 m of motion and < 0.05 m2 of map,fidA_4m_scoring_t15_hk_office.json
hk_office,mid4,scoring,stock+M4.3,4.0,15.0,go2ctrl,15,15,0,0,0,0,0,0,0,68.32189249560895,15.447532165365445,93.12654079775994,87.54215343851621,145.37250000000003,166.06000000000003,638.5162362520848,21,0,0.0,315.0,0,0,0.0,3.6796923992502695,3.6796923992502695,13936.091323133829,False,harness: 6 decisions in a row with < 0.1 m of motion and < 0.05 m2 of map,fidB_4m_scoring_t15_m43_hk_office.json
hk_office,mid5,scoring,stock,4.0,15.0,go2ctrl,5,4,0,1,0,0,0,0,0,21.322424988600922,15.447532165365445,112.71131294316237,88.10219197880282,146.3025,166.06000000000003,578.8207297525481,11,0,0.0,165.0,0,0,0.0,3.3099712476277876,3.3099712476277876,17438.248917399324,False,harness: 6 decisions in a row with < 0.1 m of motion and < 0.05 m2 of map,fidA_4m_scoring_t15_hk_office.json
hk_office,mid5,scoring,stock+M4.3,4.0,15.0,go2ctrl,11,8,0,3,0,0,0,0,0,47.47931440197189,15.447532165365445,281.89371249770494,89.56100204745272,148.725,166.06000000000003,1290.189289930409,21,0,0.0,315.0,0,0,0.0,3.5730365656965457,3.5730365656965457,12825.003478727675,False,harness: 6 decisions in a row with < 0.1 m of motion and < 0.05 m2 of map,fidB_4m_scoring_t15_m43_hk_office.json
hk_park,centre,scoring,stock,4.0,15.0,go2ctrl,12,11,0,1,1,1,0,0,0,76.1446211193195,21.819902039193487,193.23036931840664,76.76668203215577,274.7825,357.94500000000005,894.5317536230444,18,0,0.0,270.0,0,0,0.0,3.8865660604104777,3.8865660604104777,11707.886786999248,False,harness: 6 decisions in a row with < 0.1 m of motion and < 0.05 m2 of map,fidA_4m_scoring_t15_hk_park.json
hk_park,centre,scoring,stock+M4.3,4.0,15.0,go2ctrl,16,16,0,0,0,0,0,0,0,79.99855255562613,21.819902039193487,112.15729873037029,77.14593024067943,276.14000000000004,357.94500000000005,738.352498277722,22,0,0.0,330.0,0,0,0.0,3.8278936686538936,3.8278936686538936,9918.574094689575,False,harness: 6 decisions in a row with < 0.1 m of motion and < 0.05 m2 of map,fidB_4m_scoring_t15_m43_hk_park.json
hk_park,mid1,scoring,stock,4.0,15.0,go2ctrl,17,14,0,3,1,1,0,0,0,96.79189271653564,21.819902039193487,187.65326312337842,77.98474625990026,279.14250000000004,357.94500000000005,967.4063393537589,23,0,0.0,345.0,0,0,0.0,3.881158760172877,3.881158760172877,11622.56327176446,False,harness: 6 decisions in a row with < 0.1 m of motion and < 0.05 m2 of map,fidA_4m_scoring_t15_hk_park.json
hk_park,mid1,scoring,stock+M4.3,4.0,15.0,go2ctrl,16,16,0,0,1,1,0,0,0,77.32454986735131,21.819902039193487,99.36937944886715,76.63817066867814,274.32250000000005,357.94500000000005,676.2817688798704,22,0,0.0,330.0,0,0,0.0,3.8420701950305807,3.8420701950305807,10053.9557195616,False,harness: 6 decisions in a row with < 0.1 m of motion and < 0.05 m2 of map,fidB_4m_scoring_t15_m43_hk_park.json
hk_park,mid2,scoring,stock,4.0,15.0,go2ctrl,14,12,0,2,1,1,0,0,0,81.39251036207027,21.819902039193487,125.39794930610644,77.08307142158712,275.915,357.94500000000005,714.7622458211554,20,0,0.0,300.0,0,0,0.0,3.714562653143719,3.714562653143719,11093.801336214321,False,harness: 6 decisions in a row with < 0.1 m of motion and < 0.05 m2 of map,fidA_4m_scoring_t15_hk_park.json
hk_park,mid2,scoring,stock+M4.3,4.0,15.0,go2ctrl,17,17,0,0,1,1,0,0,0,96.2967053879427,21.819902039193487,125.43716688040408,77.21856709829723,276.40000000000003,357.94500000000005,733.1847277237156,23,0,0.0,345.0,0,0,0.0,3.789079234556478,3.789079234556478,9731.095629410394,False,harness: 6 decisions in a row with < 0.1 m of motion and < 0.05 m2 of map,fidB_4m_scoring_t15_m43_hk_park.json
hk_park,mid3,scoring,stock,4.0,15.0,go2ctrl,13,11,0,2,1,1,0,0,0,94.91281687256624,21.819902039193487,225.9552485782889,76.71080752629594,274.58250000000004,357.94500000000005,989.3407656565255,19,0,0.0,285.0,0,0,0.0,3.8746243857398888,3.8746243857398888,11679.24645430713,False,harness: 6 decisions in a row with < 0.1 m of motion and < 0.05 m2 of map,fidA_4m_scoring_t15_hk_park.json
hk_park,mid3,scoring,stock+M4.3,4.0,15.0,go2ctrl,15,15,0,0,1,1,0,0,0,75.76232789502254,21.819902039193487,117.53369399406708,76.52432636298873,273.915,357.94500000000005,711.1259374775831,21,0,0.0,315.0,0,0,0.0,3.818427738134512,3.818427738134512,9978.363606668427,False,harness: 6 decisions in a row with < 0.1 m of motion and < 0.05 m2 of map,fidB_4m_scoring_t15_m43_hk_park.json
hk_park,mid4,scoring,stock,4.0,15.0,go2ctrl,8,5,0,3,0,0,0,0,0,52.00127590059404,21.819902039193487,337.7419308492667,76.48242048359384,273.76500000000004,357.94500000000005,1203.1397015646078,14,0,0.0,210.0,0,0,0.0,4.996280948288316,4.996280948288316,10899.125530124365,False,harness: 6 decisions in a row with < 0.1 m of motion and < 0.05 m2 of map,fidA_4m_scoring_t15_hk_park.json
hk_park,mid4,scoring,stock+M4.3,4.0,15.0,go2ctrl,15,15,0,0,1,1,0,0,0,86.47703267104279,21.819902039193487,109.62033418250829,76.52642165695848,273.92250000000007,357.94500000000005,653.430002816393,21,0,0.0,315.0,0,0,0.0,3.8299346353629877,3.8299346353629877,9924.681813736484,False,harness: 6 decisions in a row with < 0.1 m of motion and < 0.05 m2 of map,fidB_4m_scoring_t15_m43_hk_park.json
hk_park,mid5,scoring,stock,4.0,15.0,go2ctrl,2,1,0,1,0,0,0,0,0,7.163624400428138,21.819902039193487,9.28557619166519,17.072455265473746,61.11000000000001,357.94500000000005,163.2539016018181,8,0,0.0,120.0,0,0,0.0,5.32804014666793,5.32804014666793,12864.370842500648,False,harness: 6 decisions in a row with < 0.1 m of motion and < 0.05 m2 of map,fidA_4m_scoring_t15_hk_park.json
hk_park,mid5,scoring,stock+M4.3,4.0,15.0,go2ctrl,3,3,0,0,0,0,0,0,0,7.653558164644192,21.819902039193487,11.98444709995614,18.618782215144783,66.64500000000001,357.94500000000005,186.41617047132672,9,0,0.0,135.0,0,0,0.0,3.94477919598341,3.94477919598341,10854.483565000313,False,harness: 6 decisions in a row with < 0.1 m of motion and < 0.05 m2 of map,fidB_4m_scoring_t15_m43_hk_park.json
hk_elevator,centre,shipped,stock,4.0,0.0,go2ctrl,15,7,7,1,2,2,0,0,0,80.21571058259859,15.136483244135674,57.47233934909718,94.72187409621134,196.51000000000002,207.46,185.35010978200583,0,0,0.0,0.0,0,0,0.0,3.9493326329222733,3.9493326329222733,17255.013629997848,False,explorer stopped itself: no information gain,fidA_4m_shipped_t0_hk_elevator.json
hk_elevator,mid1,shipped,stock,4.0,0.0,go2ctrl,14,6,8,0,1,1,0,0,0,78.82851813022633,15.136483244135674,58.81529628129224,86.43834956136122,179.32500000000002,207.46,197.5153122635491,0,0,0.0,0.0,0,0,0.0,4.403311202610638,4.403311202610638,19830.902557574776,False,explorer stopped itself: no information gain,fidA_4m_shipped_t0_hk_elevator.json
hk_elevator,mid2,shipped,stock,4.0,0.0,go2ctrl,18,5,13,0,1,1,0,0,0,79.12521358397626,15.136483244135674,74.62983068652957,96.83794466403161,200.9,207.46,250.99766697488312,0,0,0.0,0.0,0,0,0.0,4.114385321683905,4.114385321683905,16829.127230165694,False,explorer stopped itself: no information gain,fidA_4m_shipped_t0_hk_elevator.json
hk_elevator,mid3,shipped,stock,4.0,0.0,go2ctrl,14,6,8,0,1,1,0,0,0,81.75531634701973,15.136483244135674,55.04816356602008,86.42991420032777,179.3075,207.46,192.26324057201165,0,0,0.0,0.0,0,0,0.0,4.092471590824157,4.092471590824157,18951.499254357517,False,explorer stopped itself: no information gain,fidA_4m_shipped_t0_hk_elevator.json
hk_elevator,mid4,shipped,stock,4.0,0.0,go2ctrl,12,6,6,0,0,0,0,0,0,51.33049047752863,15.136483244135674,46.00423546401623,84.76332787043287,175.85000000000002,207.46,156.07702777551927,0,0,0.0,0.0,0,0,0.0,3.8107659618635745,3.8107659618635745,18246.74944933334,False,explorer stopped itself: no information gain,fidA_4m_shipped_t0_hk_elevator.json
hk_elevator,mid5,shipped,stock,4.0,0.0,go2ctrl,15,6,9,0,0,0,0,0,0,45.655279903854996,15.136483244135674,61.826136299736156,96.23541887592789,199.65,207.46,209.51842516130966,0,0,0.0,0.0,0,0,0.0,3.9371460364688353,3.9371460364688353,17520.369023868505,False,explorer stopped itself: no information gain,fidA_4m_shipped_t0_hk_elevator.json
hk_entrance,centre,shipped,stock,4.0,0.0,go2ctrl,1,0,0,1,0,0,0,0,0,0,21.437029878227065,0.8373369259495924,3.7143316269139826,16.180000000000003,435.61000000000007,23.2346802614637,0,0,0.0,0.0,0,0,0.0,3.7441214411997024,3.7441214411997024,15491.406964996713,False,harness: 6 decisions in a row with < 0.1 m of motion and < 0.05 m2 of map,fidA_4m_shipped_t0_hk_entrance.json
hk_entrance,mid1,shipped,stock,4.0,0.0,go2ctrl,10,5,4,1,1,1,0,0,0,66.4071179879545,21.437029878227065,38.392226266978376,42.12655815982186,183.50750000000002,435.61000000000007,125.81728761616827,0,0,0.0,0.0,0,0,0.0,3.8561203957860184,3.8561203957860184,15294.2278403003,False,explorer stopped itself: no information gain,fidA_4m_shipped_t0_hk_entrance.json
hk_entrance,mid2,shipped,stock,4.0,0.0,go2ctrl,10,2,8,0,0,0,0,0,0,42.2870565542264,21.437029878227065,37.04448529344624,29.6911227933243,129.3375,435.61000000000007,140.29662474311579,0,0,0.0,0.0,0,0,0.0,4.773968846707247,4.773968846707247,16186.710630301968,False,explorer stopped itself: no information gain,fidA_4m_shipped_t0_hk_entrance.json
hk_entrance,mid3,shipped,stock,4.0,0.0,go2ctrl,15,9,6,0,0,0,0,0,0,92.0723189601635,21.437029878227065,64.30617261001902,61.7157549183903,268.84000000000003,435.61000000000007,198.2351764844055,0,0,0.0,0.0,0,0,0.0,4.4406782226777715,4.4406782226777715,15006.169448401002,False,explorer stopped itself: no information gain,fidA_4m_shipped_t0_hk_entrance.json
hk_entrance,mid4,shipped,stock,4.0,0.0,go2ctrl,8,1,7,0,0,0,0,0,0,44.71873176302431,21.437029878227065,30.497088968164594,27.84371341337435,121.29000000000002,435.61000000000007,120.46366396872783,0,0,0.0,0.0,0,0,0.0,4.77694419885669,4.77694419885669,16793.62954025237,False,explorer stopped itself: no information gain,fidA_4m_shipped_t0_hk_entrance.json
hk_entrance,mid5,shipped,stock,4.0,0.0,go2ctrl,13,6,7,0,0,0,0,0,0,63.9294911938665,21.437029878227065,49.801783302003535,49.34172769220173,214.9375,435.61000000000007,175.29952612618825,0,0,0.0,0.0,0,0,0.0,3.8555504852338554,3.8555504852338554,14815.801523691895,False,explorer stopped itself: no information gain,fidA_4m_shipped_t0_hk_entrance.json
hk_office,centre,shipped,stock,4.0,0.0,go2ctrl,15,6,9,0,0,0,0,0,0,59.75094503143679,15.447532165365445,59.20927360024401,60.48416235095748,100.44000000000001,166.06000000000003,217.05428158781038,0,0,0.0,0.0,0,0,0.0,3.9062189475927505,3.9062189475927505,16816.324365196244,False,explorer stopped itself: no information gain,fidA_4m_shipped_t0_hk_office.json
hk_office,mid1,shipped,stock,4.0,0.0,go2ctrl,12,5,6,1,0,0,0,0,0,60.793946155455465,15.447532165365445,48.34773393994438,47.01613874503191,78.075,166.06000000000003,161.15207886358138,0,0,0.0,0.0,0,0,0.0,4.1396082211863146,4.1396082211863146,18541.137060918118,False,explorer stopped itself: no information gain,fidA_4m_shipped_t0_hk_office.json
hk_office,mid2,shipped,stock,4.0,0.0,go2ctrl,11,7,2,2,0,0,0,0,0,54.18680637552207,15.447532165365445,36.40353275983987,57.562025773816686,95.5875,166.06000000000003,124.01843125138498,0,0,0.0,0.0,0,0,0.0,3.821931367413214,3.821931367413214,20646.976242998127,False,explorer stopped itself: no information gain,fidA_4m_shipped_t0_hk_office.json
hk_office,mid3,shipped,stock,4.0,0.0,go2ctrl,2,0,1,1,0,0,0,0,0,3.9465678637896144,15.447532165365445,6.989700498651132,9.48753462603878,15.755000000000003,166.06000000000003,42.04886927873979,0,0,0.0,0.0,0,0,0.0,3.196214836729795,3.196214836729795,20679.981188004604,False,harness: 6 decisions in a row with < 0.1 m of motion and < 0.05 m2 of map,fidA_4m_shipped_t0_hk_office.json
hk_office,mid4,shipped,stock,4.0,0.0,go2ctrl,13,5,8,0,0,0,0,0,0,48.83085650311329,15.447532165365445,48.65907320108552,61.78038058533059,102.5925,166.06000000000003,170.81047971427162,0,0,0.0,0.0,0,0,0.0,3.519553523015893,3.519553523015893,17793.57241361532,False,explorer stopped itself: no information gain,fidA_4m_shipped_t0_hk_office.json
hk_office,mid5,shipped,stock,4.0,0.0,go2ctrl,11,7,4,0,0,0,0,0,0,63.1145134528244,15.447532165365445,41.73757168293313,48.291280260146934,80.19250000000001,166.06000000000003,140.91890423133188,0,0,0.0,0.0,0,0,0.0,3.702042060353576,3.702042060353576,17397.68965200082,False,explorer stopped itself: no information gain,fidA_4m_shipped_t0_hk_office.json
hk_park,centre,shipped,stock,4.0,0.0,go2ctrl,8,1,6,1,0,0,0,0,0,43.04003923002106,21.819902039193487,32.263002955494585,25.265753118495855,90.4375,357.94500000000005,116.56798727460209,0,0,0.0,0.0,0,0,0.0,4.601848385562909,4.601848385562909,12630.981190126477,False,explorer stopped itself: no information gain,fidA_4m_shipped_t0_hk_park.json
hk_park,mid1,shipped,stock,4.0,0.0,go2ctrl,15,10,5,0,0,0,0,0,0,48.63085488281782,21.819902039193487,56.754222464215175,62.4970316668762,223.70500000000004,357.94500000000005,186.8692523483454,0,0,0.0,0.0,0,0,0.0,3.8830849645023546,3.8830849645023546,11651.87231473295,False,explorer stopped itself: no information gain,fidA_4m_shipped_t0_hk_park.json
hk_park,mid2,shipped,stock,4.0,0.0,go2ctrl,11,9,1,1,0,0,0,0,0,34.86556979689439,21.819902039193487,37.57470341611277,55.22147257260194,197.66250000000002,357.94500000000005,111.10428768090419,0,0,0.0,0.0,0,0,0.0,3.719013993745107,3.719013993745107,12090.888205362717,False,explorer stopped itself: no information gain,fidA_4m_shipped_t0_hk_park.json
hk_park,mid3,shipped,stock,4.0,0.0,go2ctrl,11,5,6,0,0,0,0,0,0,76.41415603302848,21.819902039193487,40.28263686692761,47.75174957046473,170.925,357.94500000000005,142.8567389074836,0,0,0.0,0.0,0,0,0.0,3.907725135834411,3.907725135834411,12194.612274453075,False,explorer stopped itself: no information gain,fidA_4m_shipped_t0_hk_park.json
hk_park,mid4,shipped,stock,4.0,0.0,go2ctrl,12,6,4,2,0,0,0,0,0,45.604494653860954,21.819902039193487,39.32042146464158,47.71962172959533,170.81000000000003,357.94500000000005,126.76945190336616,0,0,0.0,0.0,0,0,0.0,3.8804208825981688,3.8804208825981688,12315.285685668641,False,explorer stopped itself: no information gain,fidA_4m_shipped_t0_hk_park.json
hk_park,mid5,shipped,stock,4.0,0.0,go2ctrl,2,1,1,0,0,0,0,0,0,7.163624400428138,21.819902039193487,8.952259483746467,16.847560379387897,60.30500000000001,357.94500000000005,41.64787122378398,0,0,0.0,0.0,0,0,0.0,5.32804014666793,5.32804014666793,16860.850300501625,False,harness: 6 decisions in a row with < 0.1 m of motion and < 0.05 m2 of map,fidA_4m_shipped_t0_hk_park.json
hk_elevator,centre,shipped,stock,4.0,5.0,go2ctrl,14,4,10,0,2,2,0,0,0,76.50277298776749,15.136483244135674,74.0230364850349,96.84638002506507,200.91750000000002,207.46,273.5556135967189,15,10,11.97249977110324,76.6555573607925,5,0,0.04827326252051045,3.8669061932854327,4.519906340777795,17465.053613073127,False,explorer stopped itself: no information gain,fidA_4m_shipped_t5_hk_elevator.json
hk_elevator,mid1,shipped,stock,4.0,5.0,go2ctrl,17,7,9,1,0,0,0,0,0,73.744458094809,15.136483244135674,74.45876714309047,94.24587872360938,195.52250000000004,207.46,303.1769219159626,18,9,14.400704268071223,90.50237129733719,0,0,0.17538078407499214,3.8150539976054194,4.995238380838359,17736.919752057634,False,explorer stopped itself: no information gain,fidA_4m_shipped_t5_hk_elevator.json
hk_elevator,mid2,shipped,stock,4.0,5.0,go2ctrl,14,4,10,0,1,1,0,0,0,80.19334744757955,15.136483244135674,68.60213199537134,96.52704135737011,200.25500000000002,207.46,280.0197276878047,15,10,12.543254508939546,78.27522507434736,5,0,0.2533831052291995,3.848632706109195,4.368028963729109,17808.974906498664,False,explorer stopped itself: no information gain,fidA_4m_shipped_t5_hk_elevator.json
hk_elevator,mid3,shipped,stock,4.0,5.0,go2ctrl,17,8,9,0,1,1,0,0,0,85.26790596392794,15.136483244135674,80.26491705314609,96.92591342909476,201.0825,207.46,305.6804381536275,18,9,16.94674096451317,91.40711630807361,1,0,0.0,3.9993038786201374,4.904528088305528,17132.25638605774,False,explorer stopped itself: no information gain,fidA_4m_shipped_t5_hk_elevator.json
hk_elevator,mid4,shipped,stock,4.0,5.0,go2ctrl,11,6,5,0,0,0,0,0,0,50.0085672155477,15.136483244135674,47.41995352451976,84.55846910247759,175.425,207.46,198.2556872437581,12,5,6.173580264178509,61.59222916118408,2,0,0.0,3.7917291617800983,3.8232243235048373,18133.39761936037,False,explorer stopped itself: no information gain,fidA_4m_shipped_t5_hk_elevator.json
hk_elevator,mid5,shipped,stock,4.0,5.0,go2ctrl,15,6,9,0,0,0,0,0,0,45.425679295830825,15.136483244135674,67.21153010326802,96.89940229441821,201.02750000000003,207.46,278.7906711388526,16,9,11.664059003050951,81.01725033120024,3,0,0.0766902653984971,3.886776564371211,3.9758482137712265,17209.34743913337,False,explorer stopped itself: no information gain,fidA_4m_shipped_t5_hk_elevator.json
hk_entrance,centre,shipped,stock,4.0,5.0,go2ctrl,1,0,0,1,0,0,0,0,0,0,21.437029878227065,0.8373369259495924,3.7143316269139826,16.180000000000003,435.61000000000007,58.2346802614637,7,0,0.0,35.0,0,0,0.0,3.7441214411997024,3.7441214411997024,15773.448143998394,False,harness: 6 decisions in a row with < 0.1 m of motion and < 0.05 m2 of map,fidA_4m_shipped_t5_hk_entrance.json
hk_entrance,mid1,shipped,stock,4.0,5.0,go2ctrl,19,9,8,2,1,1,0,0,0,94.3743509656592,21.437029878227065,71.60220508438267,74.34631895502858,323.86000000000007,435.61000000000007,331.7713291841362,20,8,10.755643748000551,101.62499545401487,3,0,0.0,3.747081359008117,3.948521979032613,13339.274919000576,False,explorer stopped itself: no information gain,fidA_4m_shipped_t5_hk_entrance.json
hk_entrance,mid2,shipped,stock,4.0,5.0,go2ctrl,17,4,12,1,2,1,1,0,1,107.80384888805276,21.437029878227065,79.55137298606299,55.37292532311011,241.21,435.61000000000007,320.0127353985678,18,12,19.406791845801745,91.87865843505872,4,0,0.12581891945789536,4.664680840634895,5.058873475486912,15456.557345471298,False,explorer stopped itself: no information gain,fidA_4m_shipped_t5_hk_entrance.json
hk_entrance,mid3,shipped,stock,4.0,5.0,go2ctrl,17,7,10,0,0,0,0,0,0,74.80904577338273,21.437029878227065,85.95652032394284,66.35293037349923,289.04,435.61000000000007,318.1406168968709,18,10,18.316324515656905,90.5959915423031,1,0,0.0595118081556274,4.3317624245006625,4.941386400595153,13559.382557060042,False,explorer stopped itself: no information gain,fidA_4m_shipped_t5_hk_entrance.json
hk_entrance,mid4,shipped,stock,4.0,5.0,go2ctrl,16,4,12,0,2,1,1,0,1,113.22400424086378,21.437029878227065,78.39272970204416,63.47822593604371,276.51750000000004,435.61000000000007,308.9658810583046,17,12,17.67047375692184,86.5156851201568,3,0,0.19217760412858675,4.066884946588857,4.744516751657556,13713.144722934885,False,explorer stopped itself: no information gain,fidA_4m_shipped_t5_hk_entrance.json
hk_entrance,mid5,shipped,stock,4.0,5.0,go2ctrl,13,7,6,0,0,0,0,0,0,66.7608534718136,21.437029878227065,58.85242915479836,49.09150386813892,213.8475,435.61000000000007,227.48264170502645,14,6,9.739472252181107,71.54462057176612,1,0,0.0,3.897411466137387,3.897411466137387,15192.86390322892,False,explorer stopped itself: no information gain,fidA_4m_shipped_t5_hk_entrance.json
hk_office,centre,shipped,stock,4.0,5.0,go2ctrl,15,4,11,0,0,0,0,0,0,70.52158645939967,15.447532165365445,77.81006933647394,59.38967842948331,98.6225,166.06000000000003,290.9902839789533,16,11,18.496127925120227,82.42907304700759,0,0,0.2918406390279342,5.045512117693006,4.913967764010722,17369.369012999232,False,explorer stopped itself: no information gain,fidA_4m_shipped_t5_hk_office.json
hk_office,mid1,shipped,stock,4.0,5.0,go2ctrl,11,5,5,1,0,0,0,0,0,60.763295660164005,15.447532165365445,49.383634521460074,46.97247982656871,78.00250000000001,166.06000000000003,206.91536824541984,12,5,5.036865394306622,61.995895746747124,1,0,0.0,3.91715725229548,3.9588107402480643,17016.59335472637,False,explorer stopped itself: no information gain,fidA_4m_shipped_t5_hk_office.json
hk_office,mid2,shipped,stock,4.0,5.0,go2ctrl,11,7,2,2,0,0,0,0,0,54.18680637552207,15.447532165365445,38.40120781647224,57.58611345296881,95.62750000000001,166.06000000000003,184.22816751863346,12,2,1.629242996325857,60.317877961568655,0,0,0.0,3.821931367413214,3.821931367413214,16892.6861871825,False,explorer stopped itself: no information gain,fidA_4m_shipped_t5_hk_office.json
hk_office,mid3,shipped,stock,4.0,5.0,go2ctrl,2,0,1,1,0,0,0,0,0,3.9465678637896144,15.447532165365445,7.151741759827121,9.45591954715163,15.7025,166.06000000000003,82.33063364091592,8,1,0.18771042987135544,40.0,1,0,0.09028962627519621,3.2865044630049915,3.196214836729795,19126.08219699905,False,harness: 6 decisions in a row with < 0.1 m of motion and < 0.05 m2 of map,fidA_4m_shipped_t5_hk_office.json
hk_office,mid4,shipped,stock,4.0,5.0,go2ctrl,15,3,12,0,2,2,0,1,1,94.43774150889317,15.447532165365445,75.58773542771068,54.724196073708285,90.875,166.06000000000003,299.0102185705191,16,12,21.062059098891858,82.51477327080121,4,0,0.6459574223195395,4.455778653340906,5.1633469321586345,16122.82023273195,False,explorer stopped itself: no information gain,fidA_4m_shipped_t5_hk_office.json
hk_office,mid5,shipped,stock,4.0,5.0,go2ctrl,12,7,5,0,1,1,0,0,0,70.2798207770431,15.447532165365445,49.77277423328945,49.31801758400578,81.89750000000001,166.06000000000003,218.89185801164325,13,5,7.889190463224363,65.8392192961038,0,0,0.0,3.6108095159807414,3.786508947854834,16643.22266850043,False,explorer stopped itself: no information gain,fidA_4m_shipped_t5_hk_office.json
hk_park,centre,shipped,stock,4.0,5.0,go2ctrl,10,3,7,0,1,1,0,0,0,55.587249807213155,21.819902039193487,45.932764497424714,37.85777144533378,135.51000000000002,357.94500000000005,193.23153860615943,11,7,8.678508607974262,55.69522516796003,2,1,0.20037242742793704,3.8221449191349004,3.895311217005838,13734.131608501775,False,explorer stopped itself: no information gain,fidA_4m_shipped_t5_hk_park.json
hk_park,mid1,shipped,stock,4.0,5.0,go2ctrl,14,7,6,1,0,0,0,0,0,46.42079863198574,21.819902039193487,56.01042162591204,59.571302853790385,213.23250000000004,357.94500000000005,250.6143003488927,15,6,6.482923847906397,75.3820692218335,4,0,0.0,3.758052204569298,3.758052204569298,14742.546228286561,False,explorer stopped itself: no information gain,fidA_4m_shipped_t5_hk_park.json
hk_park,mid2,shipped,stock,4.0,5.0,go2ctrl,11,9,1,1,0,0,0,0,0,34.86556979689439,21.819902039193487,39.45858066924887,55.341602760200594,198.09250000000003,357.94500000000005,171.15006372344547,12,1,1.8838772531360988,60.045776042541576,0,0,0.0,3.719013993745107,3.719013993745107,13827.151504091242,False,explorer stopped itself: no information gain,fidA_4m_shipped_t5_hk_park.json
hk_park,mid3,shipped,stock,4.0,5.0,go2ctrl,7,5,2,0,0,0,0,0,0,56.73759666442251,21.819902039193487,29.936742565103305,36.34008017991591,130.07750000000001,357.94500000000005,120.87226160990569,8,2,3.8364310676527325,40.147294337759206,0,0,0.0,3.8746243857398888,3.8746243857398888,17780.782451283554,False,explorer stopped itself: no information gain,fidA_4m_shipped_t5_hk_park.json
hk_park,mid4,shipped,stock,4.0,5.0,go2ctrl,12,5,6,1,0,0,0,0,0,46.63370813745427,21.819902039193487,49.01676599634379,49.99301568676752,178.94750000000002,357.94500000000005,204.13662892767644,13,6,9.332445220805958,66.09746755593434,2,0,0.0,3.7707353431068853,3.8565655726234027,12596.112117079125,False,explorer stopped itself: no information gain,fidA_4m_shipped_t5_hk_park.json
hk_park,mid5,shipped,stock,4.0,5.0,go2ctrl,2,1,1,0,0,0,0,0,0,7.163624400428138,21.819902039193487,8.952259483746467,16.847560379387897,60.30500000000001,357.94500000000005,81.64787122378407,8,1,0.0,40.0,0,1,0.0,5.32804014666793,5.32804014666793,12851.904857503541,False,harness: 6 decisions in a row with < 0.1 m of motion and < 0.05 m2 of map,fidA_4m_shipped_t5_hk_park.json
hk_elevator,centre,shipped,stock,4.0,15.0,go2ctrl,8,3,3,2,1,1,0,0,0,38.53308616670472,15.136483244135674,31.273848710788613,56.38315819917093,116.97250000000003,207.46,210.9978566928771,9,3,8.049248885188117,135.02223668804243,2,0,0.0,3.9226077860228226,4.723493832287689,18769.147361874275,False,explorer stopped itself: no information gain,fidA_4m_shipped_t15_hk_elevator.json
hk_elevator,centre,shipped,stock+M4.3,4.0,15.0,go2ctrl,7,4,3,0,0,0,0,0,0,25.70038967603488,15.136483244135674,31.25531617568974,53.310276679841905,110.59750000000003,207.46,199.3208329382599,8,3,10.761302135935708,120.11654133688481,1,0,0.0,3.7237011123807227,3.8004258740323626,16362.96588300112,False,explorer stopped itself: no information gain,fidB_4m_shipped_t15_m43_hk_elevator.json
hk_elevator,mid1,shipped,stock,4.0,15.0,go2ctrl,15,6,8,1,1,1,0,0,0,91.89201200394625,15.136483244135674,86.12273899610523,94.27238985828593,195.57750000000001,207.46,422.1592459932736,16,8,34.96368460701119,241.58894776326414,3,0,0.3573892755576198,4.123048800259275,5.321919535467582,17496.76313959838,False,explorer stopped itself: no information gain,fidA_4m_shipped_t15_hk_elevator.json
hk_elevator,mid1,shipped,stock+M4.3,4.0,15.0,go2ctrl,9,8,1,0,0,0,0,0,0,25.49266751038855,15.136483244135674,35.97336891393483,80.63241106719369,167.28000000000003,207.46,256.185694381076,10,1,4.685289798886984,152.065349699762,0,0,0.0,3.841208183055102,3.841208183055102,16033.170220335402,False,explorer stopped itself: no information gain,fidB_4m_shipped_t15_m43_hk_elevator.json
hk_elevator,mid2,shipped,stock,4.0,15.0,go2ctrl,10,2,5,3,0,0,0,0,0,42.12214143763954,15.136483244135674,40.39202528153039,57.74607153186157,119.80000000000001,207.46,264.8434366341595,11,5,15.169157184348386,165.02423702536683,4,0,0.08787301031596284,5.289738640719365,5.376373689229688,18696.47587219806,False,explorer stopped itself: no information gain,fidA_4m_shipped_t15_hk_elevator.json
hk_elevator,mid2,shipped,stock+M4.3,4.0,15.0,go2ctrl,17,6,10,1,1,1,0,0,0,78.34993505526656,15.136483244135674,87.20963429912233,97.03075291622481,201.3,207.46,482.7755791873254,18,10,31.32750149310794,272.3085634178168,5,0,0.23894186775414372,3.5992112291214484,4.168647731456144,15980.082966766478,False,explorer stopped itself: no information gain,fidB_4m_shipped_t15_m43_hk_elevator.json
hk_elevator,mid3,shipped,stock,4.0,15.0,go2ctrl,14,6,8,0,2,2,0,0,0,78.43745316449007,15.136483244135674,83.16668561642194,97.04039332883448,201.32000000000002,207.46,408.71193406497486,15,8,28.96279201772457,225.12831769837953,5,0,0.054176956307218305,4.020292929237518,4.212275254409497,17666.689821426447,False,explorer stopped itself: no information gain,fidA_4m_shipped_t15_hk_elevator.json
hk_elevator,mid3,shipped,stock+M4.3,4.0,15.0,go2ctrl,14,9,4,1,0,0,0,0,0,52.72282176423813,15.136483244135674,58.76776480560385,96.6101899161284,200.4275,207.46,387.3733438506732,15,4,11.394417957530079,225.0715602951329,3,0,0.0,3.826078128892787,3.9316330671255626,15927.115479428072,False,explorer stopped itself: no information gain,fidB_4m_shipped_t15_m43_hk_elevator.json
hk_elevator,mid4,shipped,stock,4.0,15.0,go2ctrl,11,7,4,0,0,0,0,0,0,59.85419602655201,15.136483244135674,50.258766864340494,85.11399787910922,176.57750000000001,207.46,307.11677940568694,12,4,9.587921307591397,180.07672861848874,2,1,0.0,3.8489615179107295,3.8489615179107295,20414.822549909746,False,explorer stopped itself: no information gain,fidA_4m_shipped_t15_hk_elevator.json
hk_elevator,mid4,shipped,stock+M4.3,4.0,15.0,go2ctrl,8,7,1,0,0,0,0,0,0,22.56088670645241,15.136483244135674,31.913883313241485,68.81929046563192,142.7725,207.46,214.58821874288577,9,1,5.447479057132924,135.0199607704228,0,0,0.0,3.806538692216588,3.806538692216588,16154.084885498378,False,explorer stopped itself: no information gain,fidB_4m_shipped_t15_m43_hk_elevator.json
hk_elevator,mid5,shipped,stock,4.0,15.0,go2ctrl,14,7,7,0,0,0,0,0,0,45.744362834495874,15.136483244135674,69.27635387780167,97.21030560107972,201.6725,207.46,395.0308388888735,15,7,23.26260976928056,225.09256484895587,5,0,0.07460200314621801,3.9342032060924694,4.0917845417587895,18079.898947711627,False,explorer stopped itself: no information gain,fidA_4m_shipped_t15_hk_elevator.json
hk_elevator,mid5,shipped,stock+M4.3,4.0,15.0,go2ctrl,7,4,3,0,0,0,0,0,0,24.916840768929795,15.136483244135674,32.231685361487315,67.08281114431698,139.17000000000002,207.46,212.3415728760831,8,3,9.005976166580338,122.3614164812748,1,0,0.0,3.6406230657870964,3.748313803600011,16235.07629528467,False,explorer stopped itself: no information gain,fidB_4m_shipped_t15_m43_hk_elevator.json
hk_entrance,centre,shipped,stock,4.0,15.0,go2ctrl,1,0,0,1,0,0,0,0,0,0,21.437029878227065,0.8373369259495924,3.7143316269139826,16.180000000000003,435.61000000000007,128.2346802614637,7,0,0.0,105.0,0,0,0.0,3.7441214411997024,3.7441214411997024,26843.599761996302,False,harness: 6 decisions in a row with < 0.1 m of motion and < 0.05 m2 of map,fidA_4m_shipped_t15_hk_entrance.json
hk_entrance,centre,shipped,stock+M4.3,4.0,15.0,go2ctrl,1,0,0,1,0,0,0,0,0,0,21.437029878227065,0.8373369259495924,3.7143316269139826,16.180000000000003,435.61000000000007,128.2346802614637,7,0,0.0,105.0,0,0,0.0,3.7441214411997024,3.7441214411997024,13265.178073997959,False,harness: 6 decisions in a row with < 0.1 m of motion and < 0.05 m2 of map,fidB_4m_shipped_t15_m43_hk_entrance.json
hk_entrance,mid1,shipped,stock,4.0,15.0,go2ctrl,20,7,12,1,3,2,1,0,2,169.8806863259705,21.437029878227065,115.12770543180032,83.15236105690869,362.22,435.61000000000007,587.305288174092,21,12,43.56996082189197,316.74482790104463,5,0,0.2234135291125876,4.202546512740417,4.006726984025084,12695.33004870027,False,explorer stopped itself: no information gain,fidA_4m_shipped_t15_hk_entrance.json
hk_entrance,mid1,shipped,stock+M4.3,4.0,15.0,go2ctrl,13,7,5,1,0,0,0,0,0,51.37521222305061,21.437029878227065,54.55424232482035,57.66281765799684,251.18500000000006,435.61000000000007,452.03909270042186,19,5,15.928938008183348,285.1709389680373,3,0,0.0,3.5423646513315514,3.617824607905731,12241.97311192424,False,harness: 6 decisions in a row with < 0.1 m of motion and < 0.05 m2 of map,fidB_4m_shipped_t15_m43_hk_entrance.json
hk_entrance,mid2,shipped,stock,4.0,15.0,go2ctrl,26,8,15,3,0,0,0,0,0,104.71547563697477,21.437029878227065,124.9923766308733,86.54186083882372,376.98500000000007,435.61000000000007,738.6072081683312,27,15,44.621190471361245,405.7902996373721,12,0,0.2193883192403394,4.0016543656436845,4.0016543656436845,12345.874181883119,False,explorer stopped itself: no information gain,fidA_4m_shipped_t15_hk_entrance.json
hk_entrance,mid2,shipped,stock+M4.3,4.0,15.0,go2ctrl,24,13,10,1,0,0,0,0,0,101.7823785655835,21.437029878227065,103.47383422188278,89.3149835862354,389.06500000000005,435.61000000000007,661.4336336895017,25,10,23.49009169548356,375.07374779192617,7,0,0.0,3.7386819193394842,3.840914827593193,11618.843999292949,False,explorer stopped itself: no information gain,fidB_4m_shipped_t15_m43_hk_entrance.json
hk_entrance,mid3,shipped,stock,4.0,15.0,go2ctrl,8,3,5,0,0,0,0,0,0,45.707745181528914,21.437029878227065,51.48745967337385,33.267142627579716,144.91500000000002,435.61000000000007,243.1303473745034,9,5,21.39953910624545,139.03323261695766,1,0,0.8822533686997063,7.134543742873204,5.543817868378146,16925.949084250533,False,explorer stopped itself: no information gain,fidA_4m_shipped_t15_hk_entrance.json
hk_entrance,mid3,shipped,stock+M4.3,4.0,15.0,go2ctrl,19,10,7,2,0,0,0,0,0,63.30651306077227,21.437029878227065,79.76086268966644,61.343288721562864,267.21750000000003,435.61000000000007,508.44269402369986,20,7,22.283051208625377,300.02809698771034,6,0,0.0,3.8032149149211496,3.9890258890251284,11951.263728316439,False,explorer stopped itself: no information gain,fidB_4m_shipped_t15_m43_hk_entrance.json
hk_entrance,mid4,shipped,stock,4.0,15.0,go2ctrl,14,5,9,0,0,0,0,0,0,66.86447348499081,21.437029878227065,80.22048185956127,64.79362273593352,282.24750000000006,435.61000000000007,421.30874968570373,15,9,30.396555090077538,227.57699350852369,6,0,0.22219478914711877,4.008372940717212,4.372537544340827,15236.19587113977,False,explorer stopped itself: no information gain,fidA_4m_shipped_t15_hk_entrance.json
hk_entrance,mid4,shipped,stock+M4.3,4.0,15.0,go2ctrl,24,9,13,2,0,0,0,0,0,93.48601548068982,21.437029878227065,103.2575746889249,87.20070705447532,379.855,435.61000000000007,665.6197855796178,25,13,32.53136714148052,376.9879201157511,10,0,0.22219478914711877,3.9526704111528197,4.022194933813344,11724.84536237304,False,explorer stopped itself: no information gain,fidB_4m_shipped_t15_m43_hk_entrance.json
hk_entrance,mid5,shipped,stock,4.0,15.0,go2ctrl,7,3,4,0,0,0,0,0,0,52.727642085848714,21.437029878227065,39.27912035156746,31.981589036064367,139.31500000000003,435.61000000000007,210.23590910366607,8,4,16.411006555879247,120.11893309918898,2,0,0.0,3.897411466137387,3.897411466137387,17623.426898002177,False,explorer stopped itself: no information gain,fidA_4m_shipped_t15_hk_entrance.json
hk_entrance,mid5,shipped,stock+M4.3,4.0,15.0,go2ctrl,11,6,5,0,0,0,0,0,0,50.05249335719104,21.437029878227065,55.71311289165022,48.72133330272491,212.235,435.61000000000007,314.74631562685477,12,5,14.030902349485082,181.65330480342362,3,0,0.0,3.8426080436638603,3.8494141526239205,12321.681694094546,False,explorer stopped itself: no information gain,fidB_4m_shipped_t15_m43_hk_entrance.json
hk_office,centre,shipped,stock,4.0,15.0,go2ctrl,10,3,7,0,0,0,0,0,0,41.84510636686021,15.447532165365445,56.41035024568794,53.700469709743466,89.17500000000001,166.06000000000003,294.7769541349525,11,7,29.430407484747075,171.50464486406887,1,0,0.7088609610010681,4.974759683562597,5.04653656056319,20521.212230999663,False,explorer stopped itself: no information gain,fidA_4m_shipped_t15_hk_office.json
hk_office,centre,shipped,stock+M4.3,4.0,15.0,go2ctrl,7,3,4,0,0,0,0,0,0,26.180858451936246,15.447532165365445,33.84070880308838,34.29784415271588,56.95500000000001,166.06000000000003,209.72687385307935,8,4,11.779195639564055,124.03162454869704,1,0,0.0,3.588492195849028,3.7975563269300405,15067.042668859358,False,explorer stopped itself: no information gain,fidB_4m_shipped_t15_m43_hk_office.json
hk_office,mid1,shipped,stock,4.0,15.0,go2ctrl,11,4,7,0,0,0,0,0,0,62.39707071399705,15.447532165365445,77.6463559723512,46.8008551126099,77.71750000000002,166.06000000000003,333.55535256806314,12,7,34.75115300614722,181.8973390015546,1,0,0.05620431980770846,6.2663704081378535,5.717864688188494,19146.7891938188,False,explorer stopped itself: no information gain,fidA_4m_shipped_t15_hk_office.json
hk_office,mid1,shipped,stock+M4.3,4.0,15.0,go2ctrl,12,7,4,1,0,0,0,0,0,42.94482058124915,15.447532165365445,50.60297827137572,62.03781765626882,103.02000000000001,166.06000000000003,327.36198139069546,13,4,13.355742213366973,196.0085829822145,1,0,0.0,3.6889714182218487,3.9210300650106023,14845.65652649932,False,explorer stopped itself: no information gain,fidB_4m_shipped_t15_m43_hk_office.json
hk_office,mid2,shipped,stock,4.0,15.0,go2ctrl,11,7,2,2,0,0,0,0,0,54.18680637552207,15.447532165365445,39.20445205265839,57.578586053233764,95.61500000000001,166.06000000000003,306.9509346593501,12,2,4.398863292768198,181.94149086203413,0,0,0.0,3.821931367413214,3.821931367413214,16822.04154854249,False,explorer stopped itself: no information gain,fidA_4m_shipped_t15_hk_office.json
hk_office,mid2,shipped,stock+M4.3,4.0,15.0,go2ctrl,11,7,2,2,1,1,0,0,0,68.44948876046396,15.447532165365445,39.20445205265839,57.578586053233764,95.61500000000001,166.06000000000003,306.9509346593501,12,2,4.398863292768198,181.94149086203413,0,0,0.0,3.821931367413214,3.821931367413214,15099.755472180814,False,explorer stopped itself: no information gain,fidB_4m_shipped_t15_m43_hk_office.json
hk_office,mid3,shipped,stock,4.0,15.0,go2ctrl,2,0,1,1,0,0,0,0,0,3.9465678637896144,15.447532165365445,7.151741759827121,9.45591954715163,15.7025,166.06000000000003,162.3306336409159,8,1,0.18771042987135544,120.0,1,0,0.09028962627519621,3.2865044630049915,3.196214836729795,17150.77319750708,False,harness: 6 decisions in a row with < 0.1 m of motion and < 0.05 m2 of map,fidA_4m_shipped_t15_hk_office.json
hk_office,mid3,shipped,stock+M4.3,4.0,15.0,go2ctrl,2,0,1,1,0,0,0,0,0,3.9465678637896144,15.447532165365445,7.151741759827121,9.45591954715163,15.7025,166.06000000000003,162.3306336409159,8,1,0.18771042987135544,120.0,1,0,0.09028962627519621,3.2865044630049915,3.196214836729795,15357.121794499108,False,harness: 6 decisions in a row with < 0.1 m of motion and < 0.05 m2 of map,fidB_4m_shipped_t15_m43_hk_office.json
hk_office,mid4,shipped,stock,4.0,15.0,go2ctrl,17,5,12,0,1,1,0,0,0,82.69300676047027,15.447532165365445,96.5820392525796,74.2623148259665,123.32000000000001,166.06000000000003,478.8354240992348,18,12,44.26148572942975,277.0469773507892,5,0,0.8485313928013904,4.012377589938109,4.342877575806287,16225.769640412182,False,explorer stopped itself: no information gain,fidA_4m_shipped_t15_hk_office.json
hk_office,mid4,shipped,stock+M4.3,4.0,15.0,go2ctrl,8,5,3,0,1,1,0,0,0,32.5535208826041,15.447532165365445,35.08625617511839,40.41009273756473,67.105,166.06000000000003,231.6796006527026,9,3,8.59952857079826,135.06842579696564,1,0,0.0,3.6912409057675837,3.6912409057675837,15250.53019175175,False,explorer stopped itself: no information gain,fidB_4m_shipped_t15_m43_hk_office.json
hk_office,mid5,shipped,stock,4.0,15.0,go2ctrl,12,7,5,0,0,0,0,0,0,62.94889427409446,15.447532165365445,58.645408287541706,50.7858605323377,84.33500000000001,166.06000000000003,342.4189217836256,13,5,19.711901826477952,195.80336825963025,1,0,0.0,3.628790568560387,4.190725090531097,19205.77518283244,False,explorer stopped itself: no information gain,fidA_4m_shipped_t15_hk_office.json
hk_office,mid5,shipped,stock+M4.3,4.0,15.0,go2ctrl,11,8,2,1,0,0,0,0,0,34.08431063694495,15.447532165365445,43.42047905862386,61.35583524027459,101.8875,166.06000000000003,303.8945486451488,12,2,6.051185245157207,181.04470470395302,0,1,0.0,3.3099712476277876,3.5730365656965457,15050.459847362205,False,explorer stopped itself: no information gain,fidB_4m_shipped_t15_m43_hk_office.json
hk_park,centre,shipped,stock,4.0,15.0,go2ctrl,12,3,8,1,1,1,0,0,0,57.05899808965216,21.819902039193487,62.42950869328091,40.863819860593104,146.27,357.94500000000005,355.1581882997413,13,8,21.72110954029553,195.05330851611703,5,0,0.039912545059675786,3.8482689781197643,4.065000369907303,12640.363843585268,False,explorer stopped itself: no information gain,fidA_4m_shipped_t15_hk_park.json
hk_park,centre,shipped,stock+M4.3,4.0,15.0,go2ctrl,8,4,4,0,0,0,0,0,0,28.519944196354107,21.819902039193487,34.37131621450096,32.85351101426197,117.59750000000003,357.94500000000005,227.40643917097537,9,4,10.260298651783408,135.5254530660302,3,0,0.0,3.7806631340445067,3.7320524250687694,10859.992461500951,False,explorer stopped itself: no information gain,fidB_4m_shipped_t15_m43_hk_park.json
hk_park,mid1,shipped,stock,4.0,15.0,go2ctrl,15,8,7,0,1,1,0,0,0,73.63555063730685,21.819902039193487,71.6485928305561,65.23627931665479,233.51,357.94500000000005,424.8160864502315,16,7,17.807741966759266,240.17912210018056,4,0,0.0,3.805489923911693,3.8767179388999,11681.767177399402,False,explorer stopped itself: no information gain,fidA_4m_shipped_t15_hk_park.json
hk_park,mid1,shipped,stock+M4.3,4.0,15.0,go2ctrl,15,10,5,0,1,1,0,0,0,69.19688638617528,21.819902039193487,66.83911651759789,61.74342426909162,221.00750000000005,357.94500000000005,427.29191582575515,16,5,11.867572130097365,240.15098349317304,3,0,0.0,3.599243167126567,3.7949914464114483,10230.003845466612,False,explorer stopped itself: no information gain,fidB_4m_shipped_t15_m43_hk_park.json
hk_park,mid2,shipped,stock,4.0,15.0,go2ctrl,11,9,1,1,0,0,0,0,0,34.86556979689439,21.819902039193487,43.26963771610528,57.63664808839347,206.30750000000003,357.94500000000005,291.10428768090355,12,1,5.694934299992511,180.0,1,0,0.0,3.719013993745107,3.719013993745107,12738.924710275816,False,explorer stopped itself: no information gain,fidA_4m_shipped_t15_hk_park.json
hk_park,mid2,shipped,stock+M4.3,4.0,15.0,go2ctrl,14,12,2,0,0,0,0,0,0,39.92996072725837,21.819902039193487,52.59813576190126,61.46824232773191,220.0225,357.94500000000005,361.87410289461366,15,2,9.24331018730954,225.0,2,0,0.0,3.714562653143719,3.754046614150792,10157.968110857057,False,explorer stopped itself: no information gain,fidB_4m_shipped_t15_m43_hk_park.json
hk_park,mid3,shipped,stock,4.0,15.0,go2ctrl,7,5,2,0,0,0,0,0,0,56.73759666442251,21.819902039193487,37.76832960810432,34.237801896939466,122.55250000000001,357.94500000000005,200.44399159446687,8,2,10.436219690948803,120.07427362239662,0,0,0.0,3.8746243857398888,3.8746243857398888,14142.06038242888,False,explorer stopped itself: no information gain,fidA_4m_shipped_t15_hk_park.json
hk_park,mid3,shipped,stock+M4.3,4.0,15.0,go2ctrl,10,8,2,0,0,0,0,0,0,28.87310246722856,21.819902039193487,35.83064142330912,46.33463241559458,165.85250000000002,357.94500000000005,267.0467968998156,11,2,3.405083932581583,165.00000000000003,2,0,0.0,3.7221890105645117,3.838709719516574,10663.672937703086,False,explorer stopped itself: no information gain,fidB_4m_shipped_t15_m43_hk_park.json
hk_park,mid4,shipped,stock,4.0,15.0,go2ctrl,13,7,6,0,1,1,0,0,0,82.70135010500306,21.819902039193487,74.21621650432064,58.54670410258559,209.56500000000003,357.94500000000005,368.9953015759468,14,6,25.66486933758753,210.1075729035385,3,0,0.0,3.875826572338991,3.916864495241489,13839.891213002444,False,explorer stopped itself: no information gain,fidA_4m_shipped_t15_hk_park.json
hk_park,mid4,shipped,stock+M4.3,4.0,15.0,go2ctrl,11,7,4,0,1,1,0,0,0,67.55248235631981,21.819902039193487,55.557559618624,50.70052661721772,181.48000000000002,357.94500000000005,316.6331851550058,12,4,12.526406855730727,180.0985846614202,2,0,0.0,3.899825992268165,3.899825992268165,10598.853468181915,False,explorer stopped itself: no information gain,fidB_4m_shipped_t15_m43_hk_park.json
hk_park,mid5,shipped,stock,4.0,15.0,go2ctrl,2,1,1,0,0,0,0,0,0,7.163624400428138,21.819902039193487,8.952259483746467,16.847560379387897,60.30500000000001,357.94500000000005,161.64787122378402,8,1,0.0,120.0,0,1,0.0,5.32804014666793,5.32804014666793,13650.591879995773,False,harness: 6 decisions in a row with < 0.1 m of motion and < 0.05 m2 of map,fidA_4m_shipped_t15_hk_park.json
hk_park,mid5,shipped,stock+M4.3,4.0,15.0,go2ctrl,3,3,0,0,0,0,0,0,0,7.653558164644192,21.819902039193487,11.98444709995614,18.618782215144783,66.64500000000001,357.94500000000005,186.41617047132672,9,0,0.0,135.0,0,0,0.0,3.94477919598341,3.94477919598341,10978.334759332938,False,harness: 6 decisions in a row with < 0.1 m of motion and < 0.05 m2 of map,fidB_4m_shipped_t15_m43_hk_park.json
hk_elevator,centre,scoring,stock,12.0,0.0,go2ctrl,4,4,0,0,1,1,0,0,0,36.25750693665485,15.136483244135674,48.435796494806745,96.9830386142187,201.55500000000004,207.82500000000002,158.83717754347242,0,0,0.0,0.0,0,0,0.0,9.090994256074158,9.090994256074158,19006.48619374624,False,harness: 6 decisions in a row with < 0.1 m of motion and < 0.05 m2 of map,fidA_12m_scoring_t0_hk_elevator.json
hk_elevator,mid1,scoring,stock,12.0,0.0,go2ctrl,5,5,0,0,2,2,0,1,1,52.04855094567354,15.136483244135674,79.78451516102365,98.66353903524599,205.0475,207.82500000000002,261.9667920697665,0,0,0.0,0.0,0,0,0.0,10.536689237136061,10.536689237136061,18676.698025802034,False,harness: 6 decisions in a row with < 0.1 m of motion and < 0.05 m2 of map,fidA_12m_scoring_t0_hk_elevator.json
hk_elevator,mid2,scoring,stock,12.0,0.0,go2ctrl,4,4,0,0,0,0,0,0,0,20.97804571050849,15.136483244135674,32.92484239653189,96.9397329483941,201.46500000000003,207.82500000000002,118.90653381377128,0,0,0.0,0.0,0,0,0.0,5.721391001267846,5.721391001267846,22396.843546997843,False,harness: 6 decisions in a row with < 0.1 m of motion and < 0.05 m2 of map,fidA_12m_scoring_t0_hk_elevator.json
hk_elevator,mid3,scoring,stock,12.0,0.0,go2ctrl,5,5,0,0,1,1,0,0,0,51.79465949796931,15.136483244135674,66.22274636934912,98.65993022976062,205.04000000000002,207.82500000000002,205.1899712176243,0,0,0.0,0.0,0,0,0.0,7.043224858108921,7.043224858108921,18562.97570259776,False,harness: 6 decisions in a row with < 0.1 m of motion and < 0.05 m2 of map,fidA_12m_scoring_t0_hk_elevator.json
hk_elevator,mid4,scoring,stock,12.0,0.0,go2ctrl,5,5,0,0,2,2,0,1,1,60.88583815456912,15.136483244135674,85.06130452474191,98.8439793095152,205.4225,207.82500000000002,285.5643915724525,0,0,0.0,0.0,0,0,0.0,14.349848878570214,14.349848878570214,18223.601970798336,False,harness: 6 decisions in a row with < 0.1 m of motion and < 0.05 m2 of map,fidA_12m_scoring_t0_hk_elevator.json
hk_elevator,mid5,scoring,stock,12.0,0.0,go2ctrl,6,6,0,0,2,2,0,1,1,61.26601541164655,15.136483244135674,86.5147233789903,99.04727535185854,205.84500000000003,207.82500000000002,303.73793645090564,0,0,0.0,0.0,0,0,0.0,8.238044734505571,8.238044734505571,18600.52808349913,False,harness: 6 decisions in a row with < 0.1 m of motion and < 0.05 m2 of map,fidA_12m_scoring_t0_hk_elevator.json
hk_entrance,centre,scoring,stock,12.0,0.0,go2ctrl,1,0,0,1,0,0,0,0,0,0,21.437029878227065,0.5687680382577546,4.964970889699562,21.810000000000002,439.2775000000001,21.669890102473914,0,0,0.0,0.0,0,0,0.0,4.554406983039132,4.554406983039132,16037.60736300319,False,harness: 6 decisions in a row with < 0.1 m of motion and < 0.05 m2 of map,fidA_12m_scoring_t0_hk_entrance.json
hk_entrance,mid1,scoring,stock,12.0,0.0,go2ctrl,6,5,0,1,1,1,0,0,0,66.58462372658778,21.437029878227065,94.69733261401625,92.64246404607566,406.95750000000004,439.2775000000001,289.8963145295952,0,0,0.0,0.0,0,0,0.0,9.462843212633562,9.462843212633562,14616.924129833933,False,harness: 6 decisions in a row with < 0.1 m of motion and < 0.05 m2 of map,fidA_12m_scoring_t0_hk_entrance.json
hk_entrance,mid2,scoring,stock,12.0,0.0,go2ctrl,7,5,0,2,0,0,0,0,0,72.95166757491238,21.437029878227065,70.10287463065073,92.96230742526078,408.3625,439.2775000000001,233.6573905072742,0,0,0.0,0.0,0,0,0.0,10.586638296088623,10.586638296088623,16955.352614999614,False,harness: 6 decisions in a row with < 0.1 m of motion and < 0.05 m2 of map,fidA_12m_scoring_t0_hk_entrance.json
hk_entrance,mid3,scoring,stock,12.0,0.0,go2ctrl,6,4,0,2,1,1,0,0,0,58.07760905603515,21.437029878227065,75.98505418551316,92.15473134863497,404.81500000000005,439.2775000000001,226.75171212543802,0,0,0.0,0.0,0,0,0.0,10.241600454176938,10.241600454176938,16885.76777883524,False,harness: 6 decisions in a row with < 0.1 m of motion and < 0.05 m2 of map,fidA_12m_scoring_t0_hk_entrance.json
hk_entrance,mid4,scoring,stock,12.0,0.0,go2ctrl,7,6,0,1,0,0,0,0,0,58.86959547462773,21.437029878227065,68.56183477198734,92.45693212149496,406.14250000000004,439.2775000000001,229.95380423495146,0,0,0.0,0.0,0,0,0.0,10.181998309301633,10.181998309301633,16006.416735715382,False,harness: 6 decisions in a row with < 0.1 m of motion and < 0.05 m2 of map,fidA_12m_scoring_t0_hk_entrance.json
hk_entrance,mid5,scoring,stock,12.0,0.0,go2ctrl,6,4,0,2,0,0,0,0,0,63.54612493529888,21.437029878227065,87.1932260173111,92.4973393811429,406.32000000000005,439.2775000000001,255.11216847364847,0,0,0.0,0.0,0,0,0.0,9.636394371512587,9.636394371512587,14624.198652997924,False,harness: 6 decisions in a row with < 0.1 m of motion and < 0.05 m2 of map,fidA_12m_scoring_t0_hk_entrance.json
hk_office,centre,scoring,stock,12.0,0.0,go2ctrl,7,6,0,1,1,1,0,0,0,59.767747011103744,15.447532165365445,137.99364120160456,86.82580857986835,144.76250000000002,166.72750000000002,484.8579872755372,0,0,0.0,0.0,0,0,0.0,7.1982527700089785,7.1982527700089785,18872.57001600145,False,harness: 6 decisions in a row with < 0.1 m of motion and < 0.05 m2 of map,fidA_12m_scoring_t0_hk_office.json
hk_office,mid1,scoring,stock,12.0,0.0,go2ctrl,5,4,0,1,1,0,1,0,0,44.2201470330993,15.447532165365445,76.20598984615789,88.01787347618118,146.75,166.72750000000002,311.3734162454891,0,0,0.0,0.0,0,0,0.0,5.923318435755112,5.923318435755112,16183.37948580156,False,harness: 6 decisions in a row with < 0.1 m of motion and < 0.05 m2 of map,fidA_12m_scoring_t0_hk_office.json
hk_office,mid2,scoring,stock,12.0,0.0,go2ctrl,7,5,0,2,2,2,0,1,1,66.43962100821716,15.447532165365445,138.95218437149708,88.86956260964747,148.17000000000002,166.72750000000002,505.1616941778622,0,0,0.0,0.0,0,0,0.0,4.9757249334551,4.9757249334551,17083.02756214107,False,harness: 6 decisions in a row with < 0.1 m of motion and < 0.05 m2 of map,fidA_12m_scoring_t0_hk_office.json
hk_office,mid3,scoring,stock,12.0,0.0,go2ctrl,2,1,0,1,0,0,0,0,0,3.9099849544262772,15.447532165365445,7.666572490858357,9.532020812403474,15.892500000000002,166.72750000000002,64.07109466167941,0,0,0.0,0.0,0,0,0.0,3.268171880480426,3.268171880480426,17338.517620999482,False,harness: 6 decisions in a row with < 0.1 m of motion and < 0.05 m2 of map,fidA_12m_scoring_t0_hk_office.json
hk_office,mid4,scoring,stock,12.0,0.0,go2ctrl,6,5,0,1,1,1,0,0,0,56.093695493068815,15.447532165365445,400.2159626978085,90.42899341740265,150.77,166.72750000000002,1264.0249500746006,0,0,0.0,0.0,0,0,0.0,7.75965587149736,7.75965587149736,15423.048201332373,False,harness: 6 decisions in a row with < 0.1 m of motion and < 0.05 m2 of map,fidA_12m_scoring_t0_hk_office.json
hk_office,mid5,scoring,stock,12.0,0.0,go2ctrl,2,0,0,2,0,0,0,0,0,6.735869919560492,15.447532165365445,104.26987464690636,88.39123719842259,147.37250000000003,166.72750000000002,410.984057896762,0,0,0.0,0.0,0,0,0.0,4.188503056308869,4.188503056308869,8695.032319999882,False,harness: 6 decisions in a row with < 0.1 m of motion and < 0.05 m2 of map,fidA_12m_scoring_t0_hk_office.json
hk_park,centre,scoring,stock,12.0,0.0,go2ctrl,3,2,0,1,0,0,0,0,0,19.869132287028933,21.819902039193487,289.4942570191779,77.63307290962666,287.17250000000007,369.9100000000001,855.5767624452877,0,0,0.0,0.0,0,0,0.0,9.378929384656274,9.378929384656274,13854.079379001632,False,harness: 6 decisions in a row with < 0.1 m of motion and < 0.05 m2 of map,fidA_12m_scoring_t0_hk_park.json
hk_park,mid1,scoring,stock,12.0,0.0,go2ctrl,5,3,0,2,0,0,0,0,0,49.42138442340073,21.819902039193487,154.4508700312215,78.37582114568407,289.92,369.9100000000001,478.2832271713968,0,0,0.0,0.0,0,0,0.0,10.252026582298866,10.252026582298866,11955.322780800634,False,harness: 6 decisions in a row with < 0.1 m of motion and < 0.05 m2 of map,fidA_12m_scoring_t0_hk_park.json
hk_park,mid2,scoring,stock,12.0,0.0,go2ctrl,5,4,0,1,1,1,0,0,0,49.63701890706396,21.819902039193487,118.75288127338396,81.5644345921981,301.71500000000003,369.9100000000001,409.12147006308413,0,0,0.0,0.0,0,0,0.0,10.729341537862801,10.729341537862801,12497.154032395338,False,harness: 6 decisions in a row with < 0.1 m of motion and < 0.05 m2 of map,fidA_12m_scoring_t0_hk_park.json
hk_park,mid3,scoring,stock,12.0,0.0,go2ctrl,7,5,0,2,0,0,0,0,0,74.33717683569422,21.819902039193487,215.44064553178436,81.14608958935956,300.1675,369.9100000000001,638.7137649271725,0,0,0.0,0.0,0,0,0.0,10.64106953768456,10.64106953768456,13397.206619569,False,harness: 6 decisions in a row with < 0.1 m of motion and < 0.05 m2 of map,fidA_12m_scoring_t0_hk_park.json
hk_park,mid4,scoring,stock,12.0,0.0,go2ctrl,6,5,0,1,2,1,1,0,0,83.69993642750791,21.819902039193487,189.78797278449056,82.6309102214052,305.66,369.9100000000001,572.5582171347995,0,0,0.0,0.0,0,0,0.0,9.809167297666004,9.809167297666004,13183.106284998454,False,harness: 6 decisions in a row with < 0.1 m of motion and < 0.05 m2 of map,fidA_12m_scoring_t0_hk_park.json
hk_park,mid5,scoring,stock,12.0,0.0,go2ctrl,1,0,0,1,0,0,0,0,0,0,21.819902039193487,7.9158042383190255,21.424130193830926,79.25,369.9100000000001,37.49050279189703,0,0,0.0,0.0,0,0,0.0,4.966014759901327,4.966014759901327,15069.081075009308,False,harness: 6 decisions in a row with < 0.1 m of motion and < 0.05 m2 of map,fidA_12m_scoring_t0_hk_park.json
hk_elevator,centre,scoring,stock,12.0,15.0,go2ctrl,4,4,0,0,1,1,0,0,0,36.25750693665485,15.136483244135674,48.435796494806745,96.9830386142187,201.55500000000004,207.82500000000002,308.8371775434724,10,0,0.0,150.0,0,0,0.0,9.090994256074158,9.090994256074158,20168.368428501708,False,harness: 6 decisions in a row with < 0.1 m of motion and < 0.05 m2 of map,fidA_12m_scoring_t15_hk_elevator.json
hk_elevator,centre,scoring,stock+M4.3,12.0,15.0,go2ctrl,4,4,0,0,1,1,0,0,0,29.36901444846903,15.136483244135674,52.169621028495825,97.23565499819561,202.08000000000004,207.82500000000002,327.729475247561,10,0,0.0,150.0,0,0,0.0,5.643467106546251,5.643467106546251,16089.622202249302,False,harness: 6 decisions in a row with < 0.1 m of motion and < 0.05 m2 of map,fidB_12m_scoring_t15_m43_hk_elevator.json
hk_elevator,mid1,scoring,stock,12.0,15.0,go2ctrl,5,5,0,0,2,2,0,1,1,52.04855094567354,15.136483244135674,79.78451516102365,98.66353903524599,205.0475,207.82500000000002,426.9667920697663,11,0,0.0,165.0,0,0,0.0,10.536689237136061,10.536689237136061,24758.426616201177,False,harness: 6 decisions in a row with < 0.1 m of motion and < 0.05 m2 of map,fidA_12m_scoring_t15_hk_elevator.json
hk_elevator,mid1,scoring,stock+M4.3,12.0,15.0,go2ctrl,5,5,0,0,1,1,0,0,0,44.351858309340734,15.136483244135674,67.48209284891635,98.57572476843497,204.865,207.82500000000002,390.46469252837386,11,0,0.0,165.0,0,0,0.0,6.662508911813929,6.662508911813929,16016.40983579855,False,harness: 6 decisions in a row with < 0.1 m of motion and < 0.05 m2 of map,fidB_12m_scoring_t15_m43_hk_elevator.json
hk_elevator,mid2,scoring,stock,12.0,15.0,go2ctrl,4,4,0,0,0,0,0,0,0,20.97804571050849,15.136483244135674,32.92484239653189,96.9397329483941,201.46500000000003,207.82500000000002,268.9065338137712,10,0,0.0,150.0,0,0,0.0,5.721391001267846,5.721391001267846,20292.071447500348,False,harness: 6 decisions in a row with < 0.1 m of motion and < 0.05 m2 of map,fidA_12m_scoring_t15_hk_elevator.json
hk_elevator,mid2,scoring,stock+M4.3,12.0,15.0,go2ctrl,4,4,0,0,0,0,0,0,0,20.922699624038835,15.136483244135674,32.7318365886536,96.94093588355588,201.46750000000003,207.82500000000002,268.4483594731015,10,0,0.0,150.00000000000003,0,0,0.0,5.551294316538615,5.551294316538615,16120.716226501827,False,harness: 6 decisions in a row with < 0.1 m of motion and < 0.05 m2 of map,fidB_12m_scoring_t15_m43_hk_elevator.json
hk_elevator,mid3,scoring,stock,12.0,15.0,go2ctrl,5,5,0,0,1,1,0,0,0,51.79465949796931,15.136483244135674,66.22274636934912,98.65993022976062,205.04000000000002,207.82500000000002,370.1899712176235,11,0,0.0,165.0,0,0,0.0,7.043224858108921,7.043224858108921,18312.664372398285,False,harness: 6 decisions in a row with < 0.1 m of motion and < 0.05 m2 of map,fidA_12m_scoring_t15_hk_elevator.json
hk_elevator,mid3,scoring,stock+M4.3,12.0,15.0,go2ctrl,4,4,0,0,0,0,0,0,0,19.517667455627844,15.136483244135674,29.98999398757022,96.67508721279924,200.91500000000002,207.82500000000002,264.4320174229866,10,0,0.0,150.0,0,0,0.0,4.554318582665265,4.554318582665265,16376.674303744949,False,harness: 6 decisions in a row with < 0.1 m of motion and < 0.05 m2 of map,fidB_12m_scoring_t15_m43_hk_elevator.json
hk_elevator,mid4,scoring,stock,12.0,15.0,go2ctrl,5,5,0,0,2,2,0,1,1,60.88583815456912,15.136483244135674,85.06130452474191,98.8439793095152,205.4225,207.82500000000002,450.56439157245404,11,0,0.0,165.0,0,0,0.0,14.349848878570214,14.349848878570214,18562.446649197955,False,harness: 6 decisions in a row with < 0.1 m of motion and < 0.05 m2 of map,fidA_12m_scoring_t15_hk_elevator.json
hk_elevator,mid4,scoring,stock+M4.3,12.0,15.0,go2ctrl,5,5,0,0,0,0,0,0,0,25.325645616559253,15.136483244135674,48.09401204555494,97.03115602069049,201.65500000000003,207.82500000000002,334.1239861651119,11,0,0.0,165.0,0,0,0.0,4.926252911532313,4.926252911532313,16428.912768201553,False,harness: 6 decisions in a row with < 0.1 m of motion and < 0.05 m2 of map,fidB_12m_scoring_t15_m43_hk_elevator.json
hk_elevator,mid5,scoring,stock,12.0,15.0,go2ctrl,6,6,0,0,2,2,0,1,1,61.26601541164655,15.136483244135674,86.5147233789903,99.04727535185854,205.84500000000003,207.82500000000002,483.737936450906,12,0,0.0,180.0,0,0,0.0,8.238044734505571,8.238044734505571,19540.850203001657,False,harness: 6 decisions in a row with < 0.1 m of motion and < 0.05 m2 of map,fidA_12m_scoring_t15_hk_elevator.json
hk_elevator,mid5,scoring,stock+M4.3,12.0,15.0,go2ctrl,6,6,0,0,1,1,0,0,0,38.34442177561568,15.136483244135674,63.017621575478536,98.68398893299653,205.09000000000003,207.82500000000002,403.00624462870064,12,0,0.0,180.0,0,0,0.0,4.929688970907344,4.929688970907344,15888.145008003145,False,harness: 6 decisions in a row with < 0.1 m of motion and < 0.05 m2 of map,fidB_12m_scoring_t15_m43_hk_elevator.json
hk_entrance,centre,scoring,stock,12.0,15.0,go2ctrl,1,0,0,1,0,0,0,0,0,0,21.437029878227065,0.5687680382577546,4.964970889699562,21.810000000000002,439.2775000000001,126.66989010247391,7,0,0.0,105.0,0,0,0.0,4.554406983039132,4.554406983039132,22737.952060997486,False,harness: 6 decisions in a row with < 0.1 m of motion and < 0.05 m2 of map,fidA_12m_scoring_t15_hk_entrance.json
hk_entrance,centre,scoring,stock+M4.3,12.0,15.0,go2ctrl,1,0,0,1,0,0,0,0,0,0,21.437029878227065,0.5687680382577546,4.964970889699562,21.810000000000002,439.2775000000001,126.66989010247391,7,0,0.0,105.0,0,0,0.0,4.554406983039132,4.554406983039132,13805.244685994694,False,harness: 6 decisions in a row with < 0.1 m of motion and < 0.05 m2 of map,fidB_12m_scoring_t15_m43_hk_entrance.json
hk_entrance,mid1,scoring,stock,12.0,15.0,go2ctrl,6,5,0,1,1,1,0,0,0,66.58462372658778,21.437029878227065,94.69733261401625,92.64246404607566,406.95750000000004,439.2775000000001,469.89631452959304,12,0,0.0,180.0,0,0,0.0,9.462843212633562,9.462843212633562,16887.65020899882,False,harness: 6 decisions in a row with < 0.1 m of motion and < 0.05 m2 of map,fidA_12m_scoring_t15_hk_entrance.json
hk_entrance,mid1,scoring,stock+M4.3,12.0,15.0,go2ctrl,9,7,0,2,1,1,0,0,0,68.40727151828679,21.437029878227065,94.94635710051907,92.34424708754715,405.64750000000004,439.2775000000001,538.5714606538859,15,0,0.0,225.00000000000006,0,0,0.0,5.780369303587063,5.780369303587063,11378.80363999769,False,harness: 6 decisions in a row with < 0.1 m of motion and < 0.05 m2 of map,fidB_12m_scoring_t15_m43_hk_entrance.json
hk_entrance,mid2,scoring,stock,12.0,15.0,go2ctrl,7,5,0,2,0,0,0,0,0,72.95166757491238,21.437029878227065,70.10287463065073,92.96230742526078,408.3625,439.2775000000001,428.65739050727456,13,0,0.0,195.0,0,0,0.0,10.586638296088623,10.586638296088623,15282.26885742957,False,harness: 6 decisions in a row with < 0.1 m of motion and < 0.05 m2 of map,fidA_12m_scoring_t15_hk_entrance.json
hk_entrance,mid2,scoring,stock+M4.3,12.0,15.0,go2ctrl,8,6,0,2,1,1,0,0,0,66.32409765874573,21.437029878227065,83.21560594297844,92.82230480732566,407.74750000000006,439.2775000000001,485.3374883959969,14,0,0.0,209.99999999999997,0,0,0.0,6.273251201354785,6.273251201354785,12302.97590650298,False,harness: 6 decisions in a row with < 0.1 m of motion and < 0.05 m2 of map,fidB_12m_scoring_t15_m43_hk_entrance.json
hk_entrance,mid3,scoring,stock,12.0,15.0,go2ctrl,6,4,0,2,1,1,0,0,0,58.07760905603515,21.437029878227065,75.98505418551316,92.15473134863497,404.81500000000005,439.2775000000001,406.75171212543825,12,0,0.0,180.0,0,0,0.0,10.241600454176938,10.241600454176938,14064.391856164244,False,harness: 6 decisions in a row with < 0.1 m of motion and < 0.05 m2 of map,fidA_12m_scoring_t15_hk_entrance.json
hk_entrance,mid3,scoring,stock+M4.3,12.0,15.0,go2ctrl,7,5,0,2,1,1,0,0,0,56.972265524301655,21.437029878227065,66.96059399732282,91.51333724126549,401.99750000000006,439.2775000000001,411.0097503277777,13,0,0.0,195.0,0,0,0.0,9.149980875504246,9.149980875504246,10586.545394141078,False,harness: 6 decisions in a row with < 0.1 m of motion and < 0.05 m2 of map,fidB_12m_scoring_t15_m43_hk_entrance.json
hk_entrance,mid4,scoring,stock,12.0,15.0,go2ctrl,7,6,0,1,0,0,0,0,0,58.86959547462773,21.437029878227065,68.56183477198734,92.45693212149496,406.14250000000004,439.2775000000001,424.9538042349533,13,0,0.0,195.0,0,0,0.0,10.181998309301633,10.181998309301633,15440.837913716678,False,harness: 6 decisions in a row with < 0.1 m of motion and < 0.05 m2 of map,fidA_12m_scoring_t15_hk_entrance.json
hk_entrance,mid4,scoring,stock+M4.3,12.0,15.0,go2ctrl,9,7,0,2,0,0,0,0,0,69.10267068196708,21.437029878227065,77.58918974599236,92.53945398979005,406.50500000000005,439.2775000000001,485.32541918250604,15,0,0.0,224.99999999999997,0,0,0.0,7.498948101464036,7.498948101464036,11669.52704266522,False,harness: 6 decisions in a row with < 0.1 m of motion and < 0.05 m2 of map,fidB_12m_scoring_t15_m43_hk_entrance.json
hk_entrance,mid5,scoring,stock,12.0,15.0,go2ctrl,7,4,0,3,0,0,0,0,0,63.96622183478598,21.437029878227065,88.94894710232273,92.69880656304954,407.20500000000004,439.2775000000001,523.3186728617359,17,0,0.0,255.00000000000006,0,0,0.0,9.484852841513183,9.484852841513183,13451.671822004884,False,harness: 6 decisions in a row with < 0.1 m of motion and < 0.05 m2 of map,fidA_12m_scoring_t15_hk_entrance.json
hk_entrance,mid5,scoring,stock+M4.3,12.0,15.0,go2ctrl,8,5,0,3,1,1,0,0,0,70.8316955733631,21.437029878227065,78.09895593154161,92.24522084559302,405.21250000000003,439.2775000000001,457.33024976196134,14,0,0.0,210.0,0,0,0.0,7.53719514236977,7.53719514236977,11290.95290587611,False,harness: 6 decisions in a row with < 0.1 m of motion and < 0.05 m2 of map,fidB_12m_scoring_t15_m43_hk_entrance.json
hk_office,centre,scoring,stock,12.0,15.0,go2ctrl,7,6,0,1,1,1,0,0,0,59.767747011103744,15.447532165365445,137.99364120160456,86.82580857986835,144.76250000000002,166.72750000000002,679.8579872755386,13,0,0.0,195.0,0,0,0.0,7.1982527700089785,7.1982527700089785,19314.325849427925,False,harness: 6 decisions in a row with < 0.1 m of motion and < 0.05 m2 of map,fidA_12m_scoring_t15_hk_office.json
hk_office,centre,scoring,stock+M4.3,12.0,15.0,go2ctrl,9,8,0,1,2,2,0,1,1,74.0540800246951,15.447532165365445,154.4546843711486,86.917275194554,144.91500000000002,166.72750000000002,758.7479959613717,15,0,0.0,225.0,0,0,0.0,6.042288723537085,6.042288723537085,14535.134362110208,False,harness: 6 decisions in a row with < 0.1 m of motion and < 0.05 m2 of map,fidB_12m_scoring_t15_m43_hk_office.json
hk_office,mid1,scoring,stock,12.0,15.0,go2ctrl,5,4,0,1,1,0,1,0,0,44.2201470330993,15.447532165365445,76.20598984615789,88.01787347618118,146.75,166.72750000000002,476.37341624548884,11,0,0.0,165.0,0,0,0.0,5.923318435755112,5.923318435755112,15602.937690605177,False,harness: 6 decisions in a row with < 0.1 m of motion and < 0.05 m2 of map,fidA_12m_scoring_t15_hk_office.json
hk_office,mid1,scoring,stock+M4.3,12.0,15.0,go2ctrl,9,6,0,3,1,0,1,0,0,65.2730685601036,15.447532165365445,169.50966603568588,89.01051116342536,148.40500000000003,166.72750000000002,872.4797943644556,15,0,0.0,225.0,0,0,0.0,5.582867507650052,5.582867507650052,11776.713249001963,False,harness: 6 decisions in a row with < 0.1 m of motion and < 0.05 m2 of map,fidB_12m_scoring_t15_m43_hk_office.json
hk_office,mid2,scoring,stock,12.0,15.0,go2ctrl,7,5,0,2,2,2,0,1,1,66.43962100821716,15.447532165365445,138.95218437149708,88.86956260964747,148.17000000000002,166.72750000000002,700.1616941778659,13,0,0.0,195.0,0,0,0.0,4.9757249334551,4.9757249334551,19335.63813471119,False,harness: 6 decisions in a row with < 0.1 m of motion and < 0.05 m2 of map,fidA_12m_scoring_t15_hk_office.json
hk_office,mid2,scoring,stock+M4.3,12.0,15.0,go2ctrl,13,9,0,4,1,1,0,0,0,80.74150825295277,15.447532165365445,167.35893816313404,89.5758048312366,149.34750000000003,166.72750000000002,909.7886520274948,19,0,0.0,285.0,0,0,0.0,4.625814002202169,4.625814002202169,13737.21662484772,False,harness: 6 decisions in a row with < 0.1 m of motion and < 0.05 m2 of map,fidB_12m_scoring_t15_m43_hk_office.json
hk_office,mid3,scoring,stock,12.0,15.0,go2ctrl,2,1,0,1,0,0,0,0,0,3.9099849544262772,15.447532165365445,7.666572490858357,9.532020812403474,15.892500000000002,166.72750000000002,184.07109466167947,8,0,0.0,120.00000000000001,0,0,0.0,3.268171880480426,3.268171880480426,19817.917524502263,False,harness: 6 decisions in a row with < 0.1 m of motion and < 0.05 m2 of map,fidA_12m_scoring_t15_hk_office.json
hk_office,mid3,scoring,stock+M4.3,12.0,15.0,go2ctrl,2,1,0,1,0,0,0,0,0,3.9099849544262772,15.447532165365445,7.666572490858357,9.532020812403474,15.892500000000002,166.72750000000002,184.07109466167947,8,0,0.0,120.00000000000001,0,0,0.0,3.268171880480426,3.268171880480426,15542.181845499726,False,harness: 6 decisions in a row with < 0.1 m of motion and < 0.05 m2 of map,fidB_12m_scoring_t15_m43_hk_office.json
hk_office,mid4,scoring,stock,12.0,15.0,go2ctrl,6,5,0,1,1,1,0,0,0,56.093695493068815,15.447532165365445,400.2159626978085,90.42899341740265,150.77,166.72750000000002,1444.0249500746088,12,0,0.0,180.0,0,0,0.0,7.75965587149736,7.75965587149736,16511.959527835035,False,harness: 6 decisions in a row with < 0.1 m of motion and < 0.05 m2 of map,fidA_12m_scoring_t15_hk_office.json
hk_office,mid4,scoring,stock+M4.3,12.0,15.0,go2ctrl,6,5,0,1,0,0,0,0,0,38.61037944668039,15.447532165365445,297.249583694134,90.04363407356315,150.12750000000003,166.72750000000002,1131.083755053467,12,0,0.0,180.0,0,0,0.0,4.80145799755586,4.80145799755586,12631.317263165934,False,harness: 6 decisions in a row with < 0.1 m of motion and < 0.05 m2 of map,fidB_12m_scoring_t15_m43_hk_office.json
hk_office,mid5,scoring,stock,12.0,15.0,go2ctrl,2,0,0,2,0,0,0,0,0,6.735869919560492,15.447532165365445,104.26987464690636,88.39123719842259,147.37250000000003,166.72750000000002,530.9840578967618,8,0,0.0,120.0,0,0,0.0,4.188503056308869,4.188503056308869,10367.627674495452,False,harness: 6 decisions in a row with < 0.1 m of motion and < 0.05 m2 of map,fidA_12m_scoring_t15_hk_office.json
hk_office,mid5,scoring,stock+M4.3,12.0,15.0,go2ctrl,2,0,0,2,0,0,0,0,0,6.735869919560492,15.447532165365445,104.26987464690636,88.39123719842259,147.37250000000003,166.72750000000002,530.9840578967618,8,0,0.0,120.0,0,0,0.0,4.188503056308869,4.188503056308869,8043.562497005041,False,harness: 6 decisions in a row with < 0.1 m of motion and < 0.05 m2 of map,fidB_12m_scoring_t15_m43_hk_office.json
hk_park,centre,scoring,stock,12.0,15.0,go2ctrl,3,2,0,1,0,0,0,0,0,19.869132287028933,21.819902039193487,289.4942570191779,77.63307290962666,287.17250000000007,369.9100000000001,990.5767624452901,9,0,0.0,135.0,0,0,0.0,9.378929384656274,9.378929384656274,13598.554958332292,False,harness: 6 decisions in a row with < 0.1 m of motion and < 0.05 m2 of map,fidA_12m_scoring_t15_hk_park.json
hk_park,centre,scoring,stock+M4.3,12.0,15.0,go2ctrl,11,8,0,3,0,0,0,0,0,71.39938114906768,21.819902039193487,118.50262604143857,82.52277581033223,305.26000000000005,369.9100000000001,718.2122822455605,17,0,0.0,255.0,0,0,0.0,5.150533952902358,5.150533952902358,10198.632424182671,False,harness: 6 decisions in a row with < 0.1 m of motion and < 0.05 m2 of map,fidB_12m_scoring_t15_m43_hk_park.json
hk_park,mid1,scoring,stock,12.0,15.0,go2ctrl,5,3,0,2,0,0,0,0,0,49.42138442340073,21.819902039193487,154.4508700312215,78.37582114568407,289.92,369.9100000000001,643.2832271714001,11,0,0.0,165.0,0,0,0.0,10.252026582298866,10.252026582298866,12795.604908600217,False,harness: 6 decisions in a row with < 0.1 m of motion and < 0.05 m2 of map,fidA_12m_scoring_t15_hk_park.json
hk_park,mid1,scoring,stock+M4.3,12.0,15.0,go2ctrl,7,7,0,0,1,1,0,0,0,81.00700929941696,21.819902039193487,118.90857570129457,81.05349949987833,299.825,369.9100000000001,570.0105735711004,13,0,0.0,195.0,0,0,0.0,9.949768746429465,9.949768746429465,9874.494246429615,False,harness: 6 decisions in a row with < 0.1 m of motion and < 0.05 m2 of map,fidB_12m_scoring_t15_m43_hk_park.json
hk_park,mid2,scoring,stock,12.0,15.0,go2ctrl,5,4,0,1,1,1,0,0,0,49.63701890706396,21.819902039193487,118.75288127338396,81.5644345921981,301.71500000000003,369.9100000000001,574.1214700630817,11,0,0.0,164.99999999999994,0,0,0.0,10.729341537862801,10.729341537862801,19611.09861700388,False,harness: 6 decisions in a row with < 0.1 m of motion and < 0.05 m2 of map,fidA_12m_scoring_t15_hk_park.json
hk_park,mid2,scoring,stock+M4.3,12.0,15.0,go2ctrl,8,7,0,1,2,2,0,1,1,77.8389144171384,21.819902039193487,109.35330548654206,77.07955989294692,285.125,369.9100000000001,578.3078843203914,14,0,0.0,209.99999999999994,0,0,0.0,5.510221068408945,5.510221068408945,9973.991686752925,False,harness: 6 decisions in a row with < 0.1 m of motion and < 0.05 m2 of map,fidB_12m_scoring_t15_m43_hk_park.json
hk_park,mid3,scoring,stock,12.0,15.0,go2ctrl,7,5,0,2,0,0,0,0,0,74.33717683569422,21.819902039193487,215.44064553178436,81.14608958935956,300.1675,369.9100000000001,833.7137649271749,13,0,0.0,195.0,0,0,0.0,10.64106953768456,10.64106953768456,11273.891981000945,False,harness: 6 decisions in a row with < 0.1 m of motion and < 0.05 m2 of map,fidA_12m_scoring_t15_hk_park.json
hk_park,mid3,scoring,stock+M4.3,12.0,15.0,go2ctrl,7,7,0,0,0,0,0,0,0,58.94771132765763,21.819902039193487,99.77155772205346,79.38417452893947,293.65000000000003,369.9100000000001,522.7156308387318,13,0,0.0,195.0,0,0,0.0,7.775494327805798,7.775494327805798,10066.923396429047,False,harness: 6 decisions in a row with < 0.1 m of motion and < 0.05 m2 of map,fidB_12m_scoring_t15_m43_hk_park.json
hk_park,mid4,scoring,stock,12.0,15.0,go2ctrl,6,5,0,1,2,1,1,0,0,83.69993642750791,21.819902039193487,189.78797278449056,82.6309102214052,305.66,369.9100000000001,752.5582171347958,12,0,0.0,180.0,0,0,0.0,9.809167297666004,9.809167297666004,9995.943273165418,False,harness: 6 decisions in a row with < 0.1 m of motion and < 0.05 m2 of map,fidA_12m_scoring_t15_hk_park.json
hk_park,mid4,scoring,stock+M4.3,12.0,15.0,go2ctrl,3,2,0,1,0,0,0,0,0,20.932466877825693,21.819902039193487,287.2391812532732,79.11316266118784,292.64750000000004,369.9100000000001,941.0496172137052,9,0,0.0,135.0,0,0,0.0,6.643293217632375,6.643293217632375,7625.062027330084,False,harness: 6 decisions in a row with < 0.1 m of motion and < 0.05 m2 of map,fidB_12m_scoring_t15_m43_hk_park.json
hk_park,mid5,scoring,stock,12.0,15.0,go2ctrl,1,0,0,1,0,0,0,0,0,0,21.819902039193487,7.9158042383190255,21.424130193830926,79.25,369.9100000000001,142.49050279189697,7,0,0.0,105.0,0,0,0.0,4.966014759901327,4.966014759901327,22762.858368994785,False,harness: 6 decisions in a row with < 0.1 m of motion and < 0.05 m2 of map,fidA_12m_scoring_t15_hk_park.json
hk_park,mid5,scoring,stock+M4.3,12.0,15.0,go2ctrl,1,0,0,1,0,0,0,0,0,0,21.819902039193487,7.9158042383190255,21.424130193830926,79.25,369.9100000000001,142.49050279189697,7,0,0.0,105.0,0,0,0.0,5.146755869501395,5.146755869501395,11325.117997999769,False,harness: 6 decisions in a row with < 0.1 m of motion and < 0.05 m2 of map,fidB_12m_scoring_t15_m43_hk_park.json
hk_elevator,centre,shipped,stock,12.0,0.0,go2ctrl,9,1,8,0,2,2,0,0,0,74.62946021118175,15.136483244135674,48.05541094240757,96.58366414050283,200.72500000000002,207.82500000000002,134.93592535094106,0,0,0.0,0.0,0,0,0.0,10.591507963597413,10.591507963597413,17997.371128668117,False,explorer stopped itself: no information gain,fidA_12m_shipped_t0_hk_elevator.json
hk_elevator,mid1,shipped,stock,12.0,0.0,go2ctrl,8,0,8,0,3,3,0,2,2,79.99668568961461,15.136483244135674,35.40345393755778,89.62588716468181,186.26500000000001,207.82500000000002,121.53781723228403,0,0,0.0,0.0,0,0,0.0,10.197925021016964,10.197925021016964,23572.332735750024,False,explorer stopped itself: no information gain,fidA_12m_shipped_t0_hk_elevator.json
hk_elevator,mid2,shipped,stock,12.0,0.0,go2ctrl,8,0,8,0,2,1,1,0,1,75.68442014234999,15.136483244135674,35.031834879559206,96.35991820040901,200.26000000000002,207.82500000000002,120.9036126646588,0,0,0.0,0.0,0,0,0.0,7.2622145050471065,7.2622145050471065,18398.940660499647,False,explorer stopped itself: no information gain,fidA_12m_shipped_t0_hk_elevator.json
hk_elevator,mid3,shipped,stock,12.0,0.0,go2ctrl,6,1,5,0,0,0,0,0,0,33.13706397251109,15.136483244135674,31.465506217133406,96.90003608805486,201.38250000000002,207.82500000000002,102.5033022214556,0,0,0.0,0.0,0,0,0.0,7.702922118405786,7.702922118405786,18781.53562732526,False,harness: 6 decisions in a row with < 0.1 m of motion and < 0.05 m2 of map,fidA_12m_shipped_t0_hk_elevator.json
hk_elevator,mid4,shipped,stock,12.0,0.0,go2ctrl,7,0,7,0,1,1,0,0,0,63.66668935818802,15.136483244135674,37.054204074591254,84.89474317334295,176.4325,207.82500000000002,105.93356905015847,0,0,0.0,0.0,0,0,0.0,11.641130335367144,11.641130335367144,19662.28382585853,False,explorer stopped itself: no information gain,fidA_12m_shipped_t0_hk_elevator.json
hk_elevator,mid5,shipped,stock,12.0,0.0,go2ctrl,9,0,9,0,2,2,0,1,1,55.80866610585561,15.136483244135674,42.86281647523222,95.07398051245038,197.5875,207.82500000000002,136.88064190962,0,0,0.0,0.0,0,0,0.0,8.770683909032423,8.770683909032423,18254.49554788712,False,explorer stopped itself: no information gain,fidA_12m_shipped_t0_hk_elevator.json
hk_entrance,centre,shipped,stock,12.0,0.0,go2ctrl,1,0,0,1,0,0,0,0,0,0,21.437029878227065,0.5687680382577546,4.964970889699562,21.810000000000002,439.2775000000001,21.669890102473914,0,0,0.0,0.0,0,0,0.0,4.554406983039132,4.554406983039132,15699.044639986823,False,harness: 6 decisions in a row with < 0.1 m of motion and < 0.05 m2 of map,fidA_12m_shipped_t0_hk_entrance.json
hk_entrance,mid1,shipped,stock,12.0,0.0,go2ctrl,9,0,9,0,0,0,0,0,0,62.70429774854919,21.437029878227065,46.64868332064778,88.4384016936902,388.49,439.2775000000001,135.79442854975704,0,0,0.0,0.0,0,0,0.0,10.217703940825885,10.217703940825885,13963.454406225032,False,explorer stopped itself: no information gain,fidA_12m_shipped_t0_hk_entrance.json
hk_entrance,mid2,shipped,stock,12.0,0.0,go2ctrl,7,0,6,1,0,0,0,0,0,56.06599901168856,21.437029878227065,30.286659224076065,43.53057008383084,191.22000000000003,439.2775000000001,107.41215432803664,0,0,0.0,0.0,0,0,0.0,6.110126972239394,6.110126972239394,14610.29778871203,False,explorer stopped itself: no information gain,fidA_12m_shipped_t0_hk_entrance.json
hk_entrance,mid3,shipped,stock,12.0,0.0,go2ctrl,7,0,7,0,1,1,0,0,0,66.56539621079143,21.437029878227065,33.86435031276747,67.88988737187768,298.225,439.2775000000001,106.83821738152847,0,0,0.0,0.0,0,0,0.0,8.79044809544934,8.79044809544934,14282.496366142628,False,explorer stopped itself: no information gain,fidA_12m_shipped_t0_hk_entrance.json
hk_entrance,mid4,shipped,stock,12.0,0.0,go2ctrl,13,1,10,2,1,1,0,0,0,114.10869276612422,21.437029878227065,56.8132105044432,90.94991207152653,399.52250000000004,439.2775000000001,177.30179120417208,0,0,0.0,0.0,0,0,0.0,8.204877903956673,8.204877903956673,11443.54921138214,False,explorer stopped itself: no information gain,fidA_12m_shipped_t0_hk_entrance.json
hk_entrance,mid5,shipped,stock,12.0,0.0,go2ctrl,9,0,7,2,1,1,0,0,0,81.09507472999852,21.437029878227065,42.99423369942125,71.26930015764522,313.07000000000005,439.2775000000001,122.25264134759487,0,0,0.0,0.0,0,0,0.0,10.301953693421918,10.301953693421918,18804.953043329686,False,explorer stopped itself: no information gain,fidA_12m_shipped_t0_hk_entrance.json
hk_office,centre,shipped,stock,12.0,0.0,go2ctrl,10,1,9,0,0,0,0,0,0,34.16465770849585,15.447532165365445,42.772688966191964,36.24926901680886,60.4375,166.72750000000002,148.9227893571023,0,0,0.0,0.0,0,0,0.0,5.4738012667950935,5.4738012667950935,17238.17098790314,False,explorer stopped itself: no information gain,fidA_12m_shipped_t0_hk_office.json
hk_office,mid1,shipped,stock,12.0,0.0,go2ctrl,10,1,7,2,0,0,0,0,0,63.0278844954164,15.447532165365445,39.163586189817785,62.497188526187934,104.2,166.72750000000002,126.94008329807463,0,0,0.0,0.0,0,0,0.0,6.8191879857511015,6.8191879857511015,17726.255866601423,False,explorer stopped itself: no information gain,fidA_12m_shipped_t0_hk_office.json
hk_office,mid2,shipped,stock,12.0,0.0,go2ctrl,10,2,7,1,0,0,0,0,0,58.38598339926984,15.447532165365445,36.1049358977574,39.08923243016299,65.1725,166.72750000000002,129.71206791331386,0,0,0.0,0.0,0,0,0.0,5.4167016305442015,5.4167016305442015,17845.253866296844,False,explorer stopped itself: no information gain,fidA_12m_shipped_t0_hk_office.json
hk_office,mid3,shipped,stock,12.0,0.0,go2ctrl,2,0,1,1,0,0,0,0,0,3.9070289604514694,15.447532165365445,7.320696905415737,10.29224333118412,17.160000000000004,166.72750000000002,42.533625671638404,0,0,0.0,0.0,0,0,0.0,3.1764477433433687,3.1764477433433687,17893.322780502785,False,harness: 6 decisions in a row with < 0.1 m of motion and < 0.05 m2 of map,fidA_12m_shipped_t0_hk_office.json
hk_office,mid4,shipped,stock,12.0,0.0,go2ctrl,8,0,8,0,2,1,1,0,1,76.68878786653423,15.447532165365445,32.99725290610506,44.48426324391597,74.1675,166.72750000000002,124.81112832849561,0,0,0.0,0.0,0,0,0.0,5.734202804197075,5.734202804197075,18107.287205750254,False,explorer stopped itself: no information gain,fidA_12m_shipped_t0_hk_office.json
hk_office,mid5,shipped,stock,12.0,0.0,go2ctrl,10,3,7,0,0,0,0,0,0,56.24720163365271,15.447532165365445,43.47781152617075,61.834430432892,103.09500000000001,166.72750000000002,146.53473546057987,0,0,0.0,0.0,0,0,0.0,4.633918395557548,4.633918395557548,18542.813333701633,False,explorer stopped itself: no information gain,fidA_12m_shipped_t0_hk_office.json
hk_park,centre,shipped,stock,12.0,0.0,go2ctrl,7,0,7,0,0,0,0,0,0,50.85973281496501,21.819902039193487,23.747583722255786,45.146792463031545,167.00250000000003,369.9100000000001,106.00045163694757,0,0,0.0,0.0,0,0,0.0,7.060136929804801,7.060136929804801,12404.218034999629,False,explorer stopped itself: no information gain,fidA_12m_shipped_t0_hk_park.json
hk_park,mid1,shipped,stock,12.0,0.0,go2ctrl,11,1,10,0,0,0,0,0,0,84.65833291087137,21.819902039193487,56.793904053940636,67.46708658862966,249.56750000000002,369.9100000000001,172.2921035287562,0,0,0.0,0.0,0,0,0.0,9.613169129372883,9.613169129372883,14521.131830184127,False,explorer stopped itself: no information gain,fidA_12m_shipped_t0_hk_park.json
hk_park,mid2,shipped,stock,12.0,0.0,go2ctrl,10,0,9,1,1,1,0,0,0,86.9795469979811,21.819902039193487,41.203702233366805,64.95701657159849,240.28250000000003,369.9100000000001,143.87328486446208,0,0,0.0,0.0,0,0,0.0,10.503170268740913,10.503170268740913,11806.390445298166,False,explorer stopped itself: no information gain,fidA_12m_shipped_t0_hk_park.json
hk_park,mid3,shipped,stock,12.0,0.0,go2ctrl,13,0,12,1,1,1,0,0,0,100.43477832152301,21.819902039193487,57.053915902581224,61.98669946743802,229.29500000000004,369.9100000000001,196.43208905879078,0,0,0.0,0.0,0,0,0.0,10.283906874036248,10.283906874036248,12996.092818690859,False,explorer stopped itself: no information gain,fidA_12m_shipped_t0_hk_park.json
hk_park,mid4,shipped,stock,12.0,0.0,go2ctrl,7,0,7,0,1,1,0,0,0,91.09109760034582,21.819902039193487,34.92537537760999,54.04895785461327,199.9325,369.9100000000001,106.23472689519018,0,0,0.0,0.0,0,0,0.0,11.44141512148003,11.44141512148003,14686.283402282113,False,explorer stopped itself: no information gain,fidA_12m_shipped_t0_hk_park.json
hk_park,mid5,shipped,stock,12.0,0.0,go2ctrl,2,0,1,1,0,0,0,0,0,3.320844399904046,21.819902039193487,7.6325948736978235,21.432240274661403,79.28000000000002,369.9100000000001,36.97304736325752,0,0,0.0,0.0,0,0,0.0,7.007524553570328,7.007524553570328,13283.41300100874,False,harness: 6 decisions in a row with < 0.1 m of motion and < 0.05 m2 of map,fidA_12m_shipped_t0_hk_park.json
hk_elevator,centre,shipped,stock,12.0,5.0,go2ctrl,9,1,8,0,2,2,0,0,0,70.67236259149085,15.136483244135674,62.155502558093325,97.25610489594612,202.12250000000003,207.82500000000002,185.8528248572334,10,8,13.584086549789365,50.696086276397466,2,0,1.5167533412790206,11.954052066015956,11.616588827504518,19943.939868666348,False,explorer stopped itself: no information gain,fidA_12m_shipped_t5_hk_elevator.json
hk_elevator,mid1,shipped,stock,12.0,5.0,go2ctrl,7,0,7,0,3,3,0,2,2,78.84147844678199,15.136483244135674,43.66348166768088,90.61229399735355,188.31500000000003,207.82500000000002,148.20373891425217,8,7,10.030916406714422,40.67445818881538,1,0,1.0656665631666709,12.84802262916988,10.905547457685753,20562.05286628808,False,explorer stopped itself: no information gain,fidA_12m_shipped_t5_hk_elevator.json
hk_elevator,mid2,shipped,stock,12.0,5.0,go2ctrl,5,1,4,0,0,0,0,0,0,22.228614037321414,15.136483244135674,28.80170546703622,96.78455431252256,201.14250000000004,207.82500000000002,142.29844419007946,11,4,5.915297288219281,55.146762459906,1,0,0.9308372008888988,5.985430347560566,7.213063744744292,18686.26631179941,False,harness: 6 decisions in a row with < 0.1 m of motion and < 0.05 m2 of map,fidA_12m_shipped_t5_hk_elevator.json
hk_elevator,mid3,shipped,stock,12.0,5.0,go2ctrl,7,2,5,0,0,0,0,0,0,39.678401322377056,15.136483244135674,38.70654858005789,97.14904366654636,201.9,207.82500000000002,180.82857605719136,13,5,7.947493183709218,66.4369976977674,1,0,0.44364010830522815,5.306033563610076,5.542514987151901,18838.09685871529,False,harness: 6 decisions in a row with < 0.1 m of motion and < 0.05 m2 of map,fidA_12m_shipped_t5_hk_elevator.json
hk_elevator,mid4,shipped,stock,12.0,5.0,go2ctrl,9,1,8,0,2,2,0,0,0,83.16643216690686,15.136483244135674,55.80238978445461,96.5211115120895,200.59500000000003,207.82500000000002,186.14944037382054,10,8,13.863687250490624,50.47475241098667,2,0,1.060158483021456,12.181349447844946,12.070237445467392,19143.059791111024,False,explorer stopped itself: no information gain,fidA_12m_shipped_t5_hk_elevator.json
hk_elevator,mid5,shipped,stock,12.0,5.0,go2ctrl,7,0,7,0,3,3,0,2,2,78.10904914413246,15.136483244135674,45.35337944385362,84.17177914110431,174.93000000000004,207.82500000000002,145.9714563164178,8,7,14.150329604757706,40.26553757654221,1,0,1.1679088645447493,11.582153159834931,11.7632824999457,18843.52823599849,False,explorer stopped itself: no information gain,fidA_12m_shipped_t5_hk_elevator.json
hk_entrance,centre,shipped,stock,12.0,5.0,go2ctrl,1,0,0,1,0,0,0,0,0,0,21.437029878227065,0.5687680382577546,4.964970889699562,21.810000000000002,439.2775000000001,56.669890102473914,7,0,0.0,35.0,0,0,0.0,4.554406983039132,4.554406983039132,23278.32694700919,False,harness: 6 decisions in a row with < 0.1 m of motion and < 0.05 m2 of map,fidA_12m_shipped_t5_hk_entrance.json
hk_entrance,mid1,shipped,stock,12.0,5.0,go2ctrl,11,0,9,2,2,2,0,1,1,113.49290074089575,21.437029878227065,60.139101175286406,89.81737056871795,394.54750000000007,439.2775000000001,203.56765026651718,12,9,15.780464134297091,61.64082308389902,2,0,1.2018421099869627,8.86348915601035,10.473637313984899,17341.711519546647,False,explorer stopped itself: no information gain,fidA_12m_shipped_t5_hk_entrance.json
hk_entrance,mid2,shipped,stock,12.0,5.0,go2ctrl,11,0,9,2,0,0,0,0,0,79.05652173688726,21.437029878227065,61.94520093304266,92.28790457057325,405.40000000000003,439.2775000000001,210.74490427199743,12,9,15.842050310751821,60.704867025758276,1,0,0.8153793194586143,6.590021285827272,6.028799689156315,16602.669961907934,False,explorer stopped itself: no information gain,fidA_12m_shipped_t5_hk_entrance.json
hk_entrance,mid3,shipped,stock,12.0,5.0,go2ctrl,9,0,9,0,2,2,0,0,0,113.05435823257027,21.437029878227065,59.53756320294541,71.82703416405347,315.52000000000004,439.2775000000001,191.28636502203756,10,9,16.230145304082082,52.63537547749161,0,0,0.6779537894428174,10.58713258848228,11.158617311380704,15589.188680780353,False,explorer stopped itself: no information gain,fidA_12m_shipped_t5_hk_entrance.json
hk_entrance,mid4,shipped,stock,12.0,5.0,go2ctrl,10,0,9,1,0,0,0,0,0,83.35011383360704,21.437029878227065,61.74536001812583,91.84513206344509,403.45500000000004,439.2775000000001,232.00703677430715,16,10,17.426711344189993,83.04364227679703,2,0,1.0236190758649806,7.2811429681007,7.945448386171982,15034.527993197844,False,harness: 6 decisions in a row with < 0.1 m of motion and < 0.05 m2 of map,fidA_12m_shipped_t5_hk_entrance.json
hk_entrance,mid5,shipped,stock,12.0,5.0,go2ctrl,8,0,6,2,1,1,0,0,0,97.01508988885071,21.437029878227065,42.13110346105317,69.4321926344964,305.0,439.2775000000001,145.27998531440525,9,6,10.941592570192805,50.07899049678835,0,0,0.3410254236596879,7.418416328529061,8.164319037025308,14935.61599662462,False,explorer stopped itself: no information gain,fidA_12m_shipped_t5_hk_entrance.json
hk_office,centre,shipped,stock,12.0,5.0,go2ctrl,7,1,6,0,0,0,0,0,0,33.50085913580995,15.447532165365445,40.08165747953067,44.149885291868465,73.61,166.72750000000002,152.87188849178727,8,6,9.681192794803852,44.326018869745006,0,0,0.5947599897358051,5.664558527581994,5.664558527581994,21808.10760257009,False,explorer stopped itself: no information gain,fidA_12m_shipped_t5_hk_office.json
hk_office,mid1,shipped,stock,12.0,5.0,go2ctrl,14,1,13,0,0,0,0,0,0,57.31678960330127,15.447532165365445,80.17107065088585,79.90283546505525,133.22,166.72750000000002,287.3625257969801,15,13,17.211863264087103,75.97401453700073,4,0,0.4343471981951663,5.654210094946308,6.170828898538746,16307.478179496164,False,explorer stopped itself: no information gain,fidA_12m_shipped_t5_hk_office.json
hk_office,mid2,shipped,stock,12.0,5.0,go2ctrl,9,1,7,1,1,1,0,0,0,63.40777690691785,15.447532165365445,42.78719703575425,44.65819975708866,74.45750000000001,166.72750000000002,171.88484629709131,10,7,11.428014833154638,52.399118479518734,0,0,0.7462128800768699,6.107723739737538,5.320406702283699,17596.225740552956,False,explorer stopped itself: no information gain,fidA_12m_shipped_t5_hk_office.json
hk_office,mid3,shipped,stock,12.0,5.0,go2ctrl,3,0,3,0,0,0,0,0,0,3.973084820841759,15.447532165365445,7.561053320825715,9.530521359703707,15.89,166.72750000000002,103.23805212026886,9,3,0.5369595039153996,45.00691211038236,1,1,0.18057308907124625,3.706333575852194,3.5257604867809476,18954.864543333922,False,harness: 6 decisions in a row with < 0.1 m of motion and < 0.05 m2 of map,fidA_12m_shipped_t5_hk_office.json
hk_office,mid4,shipped,stock,12.0,5.0,go2ctrl,8,0,7,1,1,1,0,0,0,58.984635946520434,15.447532165365445,38.33182652392763,45.56536864044624,75.97000000000001,166.72750000000002,154.28033991749732,9,7,11.619104306093197,45.89719643626866,1,0,0.6334228158996713,7.255792665150757,6.079787596282347,18968.310490126896,False,explorer stopped itself: no information gain,fidA_12m_shipped_t5_hk_office.json
hk_office,mid5,shipped,stock,12.0,5.0,go2ctrl,7,2,5,0,0,0,0,0,0,32.45786248015831,15.447532165365445,25.844571765547872,43.17374158432172,71.9825,166.72750000000002,144.65438138589747,8,5,6.571348029609402,46.21718420693606,0,0,0.5450684561409993,4.739029941035524,5.178855362483484,17393.357291431,False,explorer stopped itself: no information gain,fidA_12m_shipped_t5_hk_office.json
hk_park,centre,shipped,stock,12.0,5.0,go2ctrl,7,0,7,0,1,1,0,0,0,70.97746566244996,21.819902039193487,45.21310397851602,47.735259928090606,176.57750000000001,369.9100000000001,148.21574409460598,8,7,12.717705421812774,41.1075350353622,0,0,1.0684756909265474,8.84138528732049,11.247323233239623,13736.093422861553,False,explorer stopped itself: no information gain,fidA_12m_shipped_t5_hk_park.json
hk_park,mid1,shipped,stock,12.0,5.0,go2ctrl,8,1,7,0,1,1,0,0,0,66.50365732887234,21.819902039193487,48.96060615069489,63.93582222702819,236.50500000000002,369.9100000000001,162.55138949821205,9,7,11.832880595824923,47.62486972929982,1,0,1.1136617262538708,9.220363225469555,10.610445460711407,13368.48528675182,False,explorer stopped itself: no information gain,fidA_12m_shipped_t5_hk_park.json
hk_park,mid2,shipped,stock,12.0,5.0,go2ctrl,7,0,7,0,1,1,0,0,0,73.44968218857552,21.819902039193487,45.44195732642883,65.45511070260332,242.125,369.9100000000001,150.38223570429463,8,7,12.964622704882263,42.718729687236575,0,0,1.409396091369727,9.739868334584976,10.588415765330764,12304.477848572007,False,explorer stopped itself: no information gain,fidA_12m_shipped_t5_hk_park.json
hk_park,mid3,shipped,stock,12.0,5.0,go2ctrl,11,0,11,0,1,1,0,0,0,105.611009469095,21.819902039193487,70.16688918078239,65.4861993457868,242.24,369.9100000000001,232.38264222584064,12,11,19.56334087022657,61.730515981466866,2,0,0.5752715990031394,10.624269902377469,10.601524033689646,13874.700966271286,False,explorer stopped itself: no information gain,fidA_12m_shipped_t5_hk_park.json
hk_park,mid4,shipped,stock,12.0,5.0,go2ctrl,10,0,8,2,1,1,0,0,0,85.8089250642232,21.819902039193487,61.965974258360276,62.60847233110756,231.59500000000003,369.9100000000001,199.1586641867265,11,8,14.957253378541633,56.43509688317257,1,0,1.207850623959073,8.468555038590923,9.164864273436205,12674.282452999614,False,explorer stopped itself: no information gain,fidA_12m_shipped_t5_hk_park.json
hk_park,mid5,shipped,stock,12.0,5.0,go2ctrl,2,0,1,1,0,0,0,0,0,3.320844399904046,21.819902039193487,7.6325948736978235,21.432240274661403,79.28000000000002,369.9100000000001,71.97304736325756,8,1,2.0488401168576766,40.059174199941594,0,0,0.9106415042402292,7.9181660578105575,7.007524553570328,13038.71309000533,False,harness: 6 decisions in a row with < 0.1 m of motion and < 0.05 m2 of map,fidA_12m_shipped_t5_hk_park.json
hk_elevator,centre,shipped,stock,12.0,15.0,go2ctrl,8,2,6,0,2,2,0,0,0,69.39956061561462,15.136483244135674,62.69761716118855,97.52676530734995,202.68500000000003,207.82500000000002,239.83416467881213,9,6,27.131039927341998,135.17489699864845,3,0,0.7711816160464657,8.848010574099824,12.161687507264052,21708.784780001224,False,explorer stopped itself: no information gain,fidA_12m_shipped_t15_hk_elevator.json
hk_elevator,centre,shipped,stock+M4.3,12.0,15.0,go2ctrl,8,2,5,1,1,1,0,0,0,51.6047585426331,15.136483244135674,49.688827385333866,97.0756646216769,201.74750000000003,207.82500000000002,328.5195455265034,14,5,21.11436468216678,210.09100270722703,3,0,0.9728631414802198,5.492946064772379,7.185515011797835,15901.222427624816,False,harness: 6 decisions in a row with < 0.1 m of motion and < 0.05 m2 of map,fidB_12m_shipped_t15_m43_hk_elevator.json
hk_elevator,mid1,shipped,stock,12.0,15.0,go2ctrl,7,0,7,0,3,3,0,2,2,60.56889709807145,15.136483244135674,64.49021730146349,95.7416095272465,198.97500000000002,207.82500000000002,228.51476450567998,8,7,31.304125013070568,121.64000479552182,2,0,4.45639272132356,10.604271487549909,10.672143241957697,19950.641818142944,False,explorer stopped itself: no information gain,fidA_12m_shipped_t15_hk_elevator.json
hk_elevator,mid1,shipped,stock+M4.3,12.0,15.0,go2ctrl,7,1,5,1,1,1,0,0,0,47.122483734484874,15.136483244135674,48.28811266837656,96.8447010706123,201.26750000000004,207.82500000000002,293.73489076668426,13,5,20.63549189723005,195.0626021513563,3,0,0.5721551530406046,8.084911467600278,8.657066620640883,15903.932772568494,False,harness: 6 decisions in a row with < 0.1 m of motion and < 0.05 m2 of map,fidB_12m_shipped_t15_m43_hk_elevator.json
hk_elevator,mid2,shipped,stock,12.0,15.0,go2ctrl,5,1,4,0,0,0,0,0,0,19.54322969780345,15.136483244135674,31.005990917702952,96.70636352700589,200.98000000000002,207.82500000000002,249.5528469872295,11,4,14.31400557191589,165.02491416656744,3,0,1.625733719239486,5.032160550463137,6.981893188296308,19341.804221997154,False,harness: 6 decisions in a row with < 0.1 m of motion and < 0.05 m2 of map,fidA_12m_shipped_t15_hk_elevator.json
hk_elevator,mid2,shipped,stock+M4.3,12.0,15.0,go2ctrl,8,3,5,0,1,1,0,0,0,50.3411467415309,15.136483244135674,50.89163786437992,97.43173342956814,202.4875,207.82500000000002,233.51777433084968,9,5,25.00537930971239,135.6472450859103,1,0,0.9898748914166946,4.782805744979124,5.524575112618862,16203.862713500712,False,explorer stopped itself: no information gain,fidB_12m_shipped_t15_m43_hk_elevator.json
hk_elevator,mid3,shipped,stock,12.0,15.0,go2ctrl,8,1,7,0,1,1,0,0,0,62.22680058853344,15.136483244135674,62.40288548084208,97.59292674124866,202.82250000000002,207.82500000000002,250.23435258708705,9,7,27.853966033909714,136.4071058866143,3,0,0.34909084788496036,8.839831445491944,11.07420914462736,18520.39064474775,False,explorer stopped itself: no information gain,fidA_12m_shipped_t15_hk_elevator.json
hk_elevator,mid3,shipped,stock+M4.3,12.0,15.0,go2ctrl,7,2,4,1,0,0,0,0,0,25.623914753164662,15.136483244135674,32.900854297932106,96.77853963671359,201.13000000000002,207.82500000000002,194.21376284705278,8,4,12.392941241872323,120.0,4,0,0.4521674103240869,4.867901976227442,4.867901976227442,15940.281118856676,False,explorer stopped itself: no information gain,fidB_12m_shipped_t15_m43_hk_elevator.json
hk_elevator,mid4,shipped,stock,12.0,15.0,go2ctrl,9,3,6,0,1,1,0,0,0,66.53381604416236,15.136483244135674,63.09736823678103,97.54360639961507,202.72000000000003,207.82500000000002,260.5994368920135,10,6,31.360130465561983,150.1145853653381,2,0,3.345035169174831,4.926252911532313,8.223710818581537,19203.20075411453,False,explorer stopped itself: no information gain,fidA_12m_shipped_t15_hk_elevator.json
hk_elevator,mid4,shipped,stock+M4.3,12.0,15.0,go2ctrl,7,1,6,0,0,0,0,0,0,33.85449459151593,15.136483244135674,45.09164723648571,97.00709731745458,201.60500000000002,207.82500000000002,316.3179302591599,13,6,17.61809053362503,196.24915599549465,4,0,0.6147895102079675,4.3626979354729025,4.97748744568087,16163.60622585593,False,harness: 6 decisions in a row with < 0.1 m of motion and < 0.05 m2 of map,fidB_12m_shipped_t15_m43_hk_elevator.json
hk_elevator,mid5,shipped,stock,12.0,15.0,go2ctrl,7,1,6,0,3,3,0,2,2,87.00891726924507,15.136483244135674,59.7831616151752,92.08348370022857,191.37250000000003,207.82500000000002,225.92409781896149,8,6,29.80296109197774,120.15092151115036,2,0,3.286752137089538,11.582153159834931,11.7632824999457,23825.730452715237,False,explorer stopped itself: no information gain,fidA_12m_shipped_t15_hk_elevator.json
hk_elevator,mid5,shipped,stock+M4.3,12.0,15.0,go2ctrl,7,1,6,0,1,1,0,0,0,33.751006830051004,15.136483244135674,49.93263158058877,96.94213881871768,201.47000000000003,207.82500000000002,308.2799525273268,13,6,20.545457045654913,195.140684789168,3,0,0.32416689100797136,5.0393283527582895,6.7066684484503325,16207.235319142845,False,harness: 6 decisions in a row with < 0.1 m of motion and < 0.05 m2 of map,fidB_12m_shipped_t15_m43_hk_elevator.json
hk_entrance,centre,shipped,stock,12.0,15.0,go2ctrl,1,0,0,1,0,0,0,0,0,0,21.437029878227065,0.5687680382577546,4.964970889699562,21.810000000000002,439.2775000000001,126.66989010247391,7,0,0.0,105.0,0,0,0.0,4.554406983039132,4.554406983039132,26725.90555799252,False,harness: 6 decisions in a row with < 0.1 m of motion and < 0.05 m2 of map,fidA_12m_shipped_t15_hk_entrance.json
hk_entrance,centre,shipped,stock+M4.3,12.0,15.0,go2ctrl,1,0,0,1,0,0,0,0,0,0,21.437029878227065,0.5687680382577546,4.964970889699562,21.810000000000002,439.2775000000001,126.66989010247391,7,0,0.0,105.0,0,0,0.0,4.554406983039132,4.554406983039132,13466.203413001494,False,harness: 6 decisions in a row with < 0.1 m of motion and < 0.05 m2 of map,fidB_12m_shipped_t15_m43_hk_entrance.json
hk_entrance,mid1,shipped,stock,12.0,15.0,go2ctrl,9,0,8,1,1,1,0,0,0,96.62712752053667,21.437029878227065,68.90844344818595,89.37630541058898,392.61000000000007,439.2775000000001,271.7392622515823,10,8,34.15811387981463,150.17982687391552,4,0,0.8335474203269406,7.704533696667516,10.546114565120131,15505.49254300131,False,explorer stopped itself: no information gain,fidA_12m_shipped_t15_hk_entrance.json
hk_entrance,mid1,shipped,stock+M4.3,12.0,15.0,go2ctrl,11,2,9,0,0,0,0,0,0,70.4922864030626,21.437029878227065,76.83591947562907,90.04046417128123,395.52750000000003,439.2775000000001,342.30018088001094,12,9,35.06141385164194,181.79570579935802,5,0,1.479231897423503,5.4322346392305,8.274933892450814,11390.036837634398,False,explorer stopped itself: no information gain,fidB_12m_shipped_t15_m43_hk_entrance.json
hk_entrance,mid2,shipped,stock,12.0,15.0,go2ctrl,10,0,8,2,0,0,0,0,0,57.22314630052088,21.437029878227065,65.88420839962572,92.36530439187072,405.74,439.2775000000001,396.5017823350572,16,8,27.164094689958805,240.70395465885954,6,0,2.0106713182609406,6.15980630743579,8.56847755184452,14458.528722301708,False,harness: 6 decisions in a row with < 0.1 m of motion and < 0.05 m2 of map,fidA_12m_shipped_t15_hk_entrance.json
hk_entrance,mid2,shipped,stock+M4.3,12.0,15.0,go2ctrl,8,1,6,1,1,1,0,0,0,65.58104008962889,21.437029878227065,48.805924739244276,76.38736334094051,335.5525,439.2775000000001,238.93448624110252,9,6,18.523416108260477,136.00469448961275,4,0,0.10228201681212434,7.513498144440783,7.993970228010049,12138.345267749173,False,explorer stopped itself: no information gain,fidB_12m_shipped_t15_m43_hk_entrance.json
hk_entrance,mid3,shipped,stock,12.0,15.0,go2ctrl,8,1,7,0,2,2,0,0,0,101.8062551801132,21.437029878227065,71.88584300113102,72.74900262362628,319.57000000000005,439.2775000000001,252.48440512603494,9,7,35.916195738823305,135.94636205608242,2,0,1.108294093286779,8.955436968215707,10.783484276853788,16419.984914247834,False,explorer stopped itself: no information gain,fidA_12m_shipped_t15_hk_entrance.json
hk_entrance,mid3,shipped,stock+M4.3,12.0,15.0,go2ctrl,7,0,5,2,1,1,0,0,0,57.694372326600664,21.437029878227065,44.27526204830917,50.54891270324566,222.05,439.2775000000001,210.2572432652191,8,5,22.615582416914357,120.24904632299928,2,0,0.21837908806417694,5.292642961664941,8.351521750366189,12494.481180283141,False,explorer stopped itself: no information gain,fidB_12m_shipped_t15_m43_hk_entrance.json
hk_entrance,mid4,shipped,stock,12.0,15.0,go2ctrl,10,2,8,0,0,0,0,0,0,71.81279986482863,21.437029878227065,84.41570832535723,92.35562941420855,405.69750000000005,439.2775000000001,393.683155380635,16,8,42.99712452018901,241.38598943363257,3,0,3.3870055440878355,7.506856680181297,8.791247821866481,13953.11105640285,False,harness: 6 decisions in a row with < 0.1 m of motion and < 0.05 m2 of map,fidA_12m_shipped_t15_hk_entrance.json
hk_entrance,mid4,shipped,stock+M4.3,12.0,15.0,go2ctrl,15,4,8,3,0,0,0,0,0,70.16519083321448,21.437029878227065,79.5777018860048,93.76988350188662,411.9100000000001,439.2775000000001,414.8163913462833,16,8,38.84881567240805,242.33107869907073,3,0,0.0,6.438126323967848,7.188935953439224,11208.775238600598,False,explorer stopped itself: no information gain,fidB_12m_shipped_t15_m43_hk_entrance.json
hk_entrance,mid5,shipped,stock,12.0,15.0,go2ctrl,9,0,6,3,0,0,0,0,0,74.7818412554177,21.437029878227065,50.49843128093177,60.58015718993118,266.115,439.2775000000001,246.85284643770254,10,6,24.01657873180607,151.45878088063571,1,1,0.9845886397826629,7.610111220971472,10.301953693421918,16646.127081776893,False,explorer stopped itself: no information gain,fidA_12m_shipped_t15_hk_entrance.json
hk_entrance,mid5,shipped,stock+M4.3,12.0,15.0,go2ctrl,11,1,7,3,1,1,0,0,0,64.21645327168166,21.437029878227065,64.11584848718941,65.75114819220197,288.83000000000004,439.2775000000001,315.567492045947,12,7,25.414034361754723,183.48510570613294,4,0,0.24757682191988017,5.220372066091891,5.72133014937408,12557.884771364943,False,explorer stopped itself: no information gain,fidB_12m_shipped_t15_m43_hk_entrance.json
hk_office,centre,shipped,stock,12.0,15.0,go2ctrl,7,1,6,0,1,1,0,0,0,60.167773012278396,15.447532165365445,52.13398564018983,51.97253002654032,86.65250000000002,166.72750000000002,224.76841286091516,8,6,27.636170283066164,122.11534273338474,2,0,0.9532517740996971,6.959873450178287,7.64800696532797,17491.993379858155,False,explorer stopped itself: no information gain,fidA_12m_shipped_t15_hk_office.json
hk_office,centre,shipped,stock+M4.3,12.0,15.0,go2ctrl,10,3,7,0,1,1,0,0,0,63.63746068943014,15.447532165365445,62.21928076835778,71.62885546775428,119.42500000000001,166.72750000000002,302.7741698871264,11,7,24.53910344314854,165.90984990624833,4,0,0.4807344203588353,5.131290420782811,5.835590101830292,14539.76154870179,False,explorer stopped itself: no information gain,fidB_12m_shipped_t15_m43_hk_office.json
hk_office,mid1,shipped,stock,12.0,15.0,go2ctrl,16,4,12,0,0,0,0,0,0,79.3244152089782,15.447532165365445,107.10090404202167,88.14382750296141,146.96,166.72750000000002,476.29162625557797,17,12,47.00576305037694,261.1407155432491,3,0,0.9211862255973637,5.698356228287031,5.895287418840784,15550.029278999318,False,explorer stopped itself: no information gain,fidA_12m_shipped_t15_hk_office.json
hk_office,mid1,shipped,stock+M4.3,12.0,15.0,go2ctrl,14,5,8,1,0,0,0,0,0,43.3936257825287,15.447532165365445,83.01479732574992,76.34613366121366,127.29000000000002,166.72750000000002,412.34367585273066,15,8,33.101252068444296,228.65690196671045,2,0,0.5533061597416762,5.211643606361628,5.369526482259753,14432.502860000697,False,explorer stopped itself: no information gain,fidB_12m_shipped_t15_m43_hk_office.json
hk_office,mid2,shipped,stock,12.0,15.0,go2ctrl,9,1,7,1,1,1,0,0,0,56.405112463875895,15.447532165365445,47.745100229481615,63.12695866008906,105.25,166.72750000000002,269.9973916849263,10,7,16.37731045478895,150.511238014189,3,0,0.3519365167919677,5.660097784824699,5.660097784824699,18786.014468333127,False,explorer stopped itself: no information gain,fidA_12m_shipped_t15_hk_office.json
hk_office,mid2,shipped,stock+M4.3,12.0,15.0,go2ctrl,10,1,6,3,1,1,0,0,0,54.8580399822636,15.447532165365445,46.18739823027073,60.66485732707562,101.14500000000001,166.72750000000002,284.41141891013575,11,6,12.568914812827996,165.03105448585325,4,0,0.008599762024478874,4.364363349933919,4.509303881741808,14719.216452899855,False,explorer stopped itself: no information gain,fidB_12m_shipped_t15_m43_hk_office.json
hk_office,mid3,shipped,stock,12.0,15.0,go2ctrl,3,0,2,1,0,0,0,0,0,3.973084820841759,15.447532165365445,7.618044458784819,9.551513697500411,15.925,166.72750000000002,179.224940658783,9,2,3.0792515170122083,135.0,1,1,0.18057308907124625,3.706333575852194,3.5257604867809476,17501.931096659973,False,harness: 6 decisions in a row with < 0.1 m of motion and < 0.05 m2 of map,fidA_12m_shipped_t15_hk_office.json
hk_office,mid3,shipped,stock+M4.3,12.0,15.0,go2ctrl,3,0,2,1,0,0,0,0,0,3.973084820841759,15.447532165365445,7.618044458784819,9.551513697500411,15.925,166.72750000000002,179.224940658783,9,2,3.0792515170122083,135.0,1,1,0.18057308907124625,3.706333575852194,3.5257604867809476,15001.829390666293,False,harness: 6 decisions in a row with < 0.1 m of motion and < 0.05 m2 of map,fidB_12m_shipped_t15_m43_hk_office.json
hk_office,mid4,shipped,stock,12.0,15.0,go2ctrl,8,1,7,0,1,1,0,0,0,47.649587202722046,15.447532165365445,51.778496680366146,54.44662698115189,90.77750000000002,166.72750000000002,253.63535359335938,9,7,23.780608700263755,139.96877383270464,2,0,0.9835377556857643,6.154913296709183,7.947055261549022,18807.66418737221,False,explorer stopped itself: no information gain,fidA_12m_shipped_t15_hk_office.json
hk_office,mid4,shipped,stock+M4.3,12.0,15.0,go2ctrl,8,2,6,0,0,0,0,0,0,28.789913733724873,15.447532165365445,42.05412609748441,53.45848765200702,89.13000000000001,166.72750000000002,231.0268855045583,9,6,21.145834698388548,136.62830024162568,3,0,0.454537805728354,5.342479543624707,5.435139831018261,14783.615021628066,False,explorer stopped itself: no information gain,fidB_12m_shipped_t15_m43_hk_office.json
hk_office,mid5,shipped,stock,12.0,15.0,go2ctrl,13,3,10,0,0,0,0,0,0,67.88200999054386,15.447532165365445,80.24236903298429,74.47631614460722,124.17250000000001,166.72750000000002,376.95124810408527,14,10,34.711488042493926,212.50875223751407,4,1,0.17464343109458103,5.374498573338836,5.459700158810904,16534.78057654194,False,explorer stopped itself: no information gain,fidA_12m_shipped_t15_hk_office.json
hk_office,mid5,shipped,stock+M4.3,12.0,15.0,go2ctrl,10,0,8,2,0,0,0,0,0,44.865386860651185,15.447532165365445,71.24687310953146,41.60831296576749,69.3725,166.72750000000002,304.994286130679,11,8,36.20609929999854,165.78827474757503,1,1,1.1472791967198308,5.275248154270341,5.033916690873154,14908.418106802856,False,explorer stopped itself: no information gain,fidB_12m_shipped_t15_m43_hk_office.json
hk_park,centre,shipped,stock,12.0,15.0,go2ctrl,10,0,10,0,3,3,0,2,2,122.19536314059992,21.819902039193487,93.48600730096787,64.27306642156199,237.75250000000003,369.9100000000001,320.136628360371,11,10,52.85619688155778,168.1583203901564,2,0,3.0854305922011633,11.548899965571744,11.930287408252003,11801.754645098117,False,explorer stopped itself: no information gain,fidA_12m_shipped_t15_hk_park.json
hk_park,centre,shipped,stock+M4.3,12.0,15.0,go2ctrl,7,2,5,0,0,0,0,0,0,15.549756843696162,21.819902039193487,34.84281672903368,47.18985699224135,174.56000000000003,369.9100000000001,205.74711254005248,8,5,14.575135349264912,120.23745493090064,2,0,0.43680463901836397,3.031831638317329,5.815689881608418,10446.41226728397,False,explorer stopped itself: no information gain,fidB_12m_shipped_t15_m43_hk_park.json
hk_park,mid1,shipped,stock,12.0,15.0,go2ctrl,10,2,8,0,2,2,0,0,0,111.72762812051901,21.819902039193487,82.27170821044473,67.72390581492795,250.51750000000004,369.9100000000001,309.50457578914256,11,8,37.94739984005093,166.38640680329632,3,0,2.6068216001705995,10.978230021059744,11.577545397315486,13854.735500901006,False,explorer stopped itself: no information gain,fidA_12m_shipped_t15_hk_park.json
hk_park,mid1,shipped,stock+M4.3,12.0,15.0,go2ctrl,9,3,6,0,1,1,0,0,0,70.62921793947349,21.819902039193487,55.993243094337764,66.70811819091129,246.76000000000005,369.9100000000001,270.1777560606149,10,6,20.566491180239254,150.0933631438959,3,1,0.04268831416138319,4.4036286626176295,5.142461379632015,10003.383839999313,False,explorer stopped itself: no information gain,fidB_12m_shipped_t15_m43_hk_park.json
hk_park,mid2,shipped,stock,12.0,15.0,go2ctrl,9,1,8,0,3,3,0,2,2,130.71441578828734,21.819902039193487,74.70039766292079,67.91178935416721,251.2125,369.9100000000001,283.00929649761684,10,8,38.48070500139,151.58996111361125,1,0,2.975163141086382,11.305635384301631,9.888171249671515,11229.389415777405,False,explorer stopped itself: no information gain,fidA_12m_shipped_t15_hk_park.json
hk_park,mid2,shipped,stock+M4.3,12.0,15.0,go2ctrl,9,3,6,0,0,0,0,0,0,48.72442978786823,21.819902039193487,57.703723633382786,67.15417263658728,248.41000000000005,369.9100000000001,268.287718005275,10,6,31.615143395029747,151.35406881108207,1,0,1.512846346740746,5.179970023693843,6.912683297119252,9974.99969777386,False,explorer stopped itself: no information gain,fidB_12m_shipped_t15_m43_hk_park.json
hk_park,mid3,shipped,stock,12.0,15.0,go2ctrl,13,0,12,1,1,1,0,0,0,103.94316490186552,21.819902039193487,105.58795249756852,78.80633126976831,291.5125,369.9100000000001,404.7024834552619,14,12,50.932546772648216,211.00176503789893,5,0,2.067356199637546,9.124573913511963,10.268297138026947,11240.963790000444,False,explorer stopped itself: no information gain,fidA_12m_shipped_t15_hk_park.json
hk_park,mid3,shipped,stock+M4.3,12.0,15.0,go2ctrl,15,3,11,1,0,0,0,0,0,78.28069235725444,21.819902039193487,86.87064875564059,75.37103619799409,278.805,369.9100000000001,448.0986088252514,16,11,43.14964957727646,245.31509172216698,2,1,0.18374686389604822,6.91003458571268,6.7262877218166315,9756.015108403517,False,explorer stopped itself: no information gain,fidB_12m_shipped_t15_m43_hk_park.json
hk_park,mid4,shipped,stock,12.0,15.0,go2ctrl,7,0,7,0,3,3,0,2,2,124.0533263251063,21.819902039193487,74.708541353398,56.54956611067557,209.18250000000003,369.9100000000001,228.3702979764812,8,7,35.50135383172838,122.18558439303115,2,0,4.179310211074739,20.18000746812909,13.650583348955736,11880.036018142293,False,explorer stopped itself: no information gain,fidA_12m_shipped_t15_hk_park.json
hk_park,mid4,shipped,stock+M4.3,12.0,15.0,go2ctrl,11,1,9,1,1,1,0,0,0,108.17377376821335,21.819902039193487,73.11987066734591,72.95288043037496,269.86000000000007,369.9100000000001,331.82548742931283,12,9,35.96178209062299,180.8306337132331,3,0,1.0678262240301706,6.643293217632375,8.31513206110434,9762.696298634348,False,explorer stopped itself: no information gain,fidB_12m_shipped_t15_m43_hk_park.json
hk_park,mid5,shipped,stock,12.0,15.0,go2ctrl,2,0,1,1,0,0,0,0,0,3.320844399904046,21.819902039193487,7.6325948736978235,21.432240274661403,79.28000000000002,369.9100000000001,148.03491824081522,8,1,3.514694677950607,119.99999999999999,0,1,1.4078204199428805,8.415344973513209,7.007524553570328,17548.581820505206,False,harness: 6 decisions in a row with < 0.1 m of motion and < 0.05 m2 of map,fidA_12m_shipped_t15_hk_park.json
hk_park,mid5,shipped,stock+M4.3,12.0,15.0,go2ctrl,2,0,1,1,0,0,0,0,0,13.175557462709252,21.819902039193487,7.6325948736978235,21.432240274661403,79.28000000000002,369.9100000000001,148.03491824081522,8,1,3.514694677950607,119.99999999999999,0,1,1.5780776610273517,3.8158135520170653,5.393891213044418,11044.410838505428,False,harness: 6 decisions in a row with < 0.1 m of motion and < 0.05 m2 of map,fidB_12m_shipped_t15_m43_hk_park.json
